scrape_id,host_id,host_listings_count,host_total_listings_count,neighbourhood_group_cleansed,latitude,longitude,accommodates,bathrooms,bedrooms,beds,minimum_nights,maximum_nights,minimum_minimum_nights,maximum_minimum_nights,minimum_maximum_nights,maximum_maximum_nights,minimum_nights_avg_ntm,maximum_nights_avg_ntm,calendar_updated,availability_30,availability_60,availability_90,availability_365,number_of_reviews,number_of_reviews_ltm,number_of_reviews_l30d,availability_eoy,number_of_reviews_ly,estimated_occupancy_l365d,estimated_revenue_l365d,review_scores_rating,review_scores_accuracy,review_scores_cleanliness,review_scores_checkin,review_scores_communication,review_scores_location,review_scores_value,license,calculated_host_listings_count,calculated_host_listings_count_entire_homes,calculated_host_listings_count_private_rooms,calculated_host_listings_count_shared_rooms,reviews_per_month
20250600000000.0,4621559,1.0,5.0,,42.65789,-73.7537,4.0,1.0,2.0,2.0,1.0,1125,1.0,2.0,1125,1125,1.3,1125.0,,0,0,0,70,9.0,0.0,0.0,0,0.0,0,0.0,4.9,4.9,4.9,5.0,5.0,4.8,4.9,,1.0,1.0,0.0,0,0.07
20250600000000.0,19648678,4.0,7.0,,42.65222,-73.76724,2.0,1.0,1.0,1.0,2.0,1125,2.0,3.0,1125,1125,2.8,1125.0,,8,30,60,335,13.5,6.0,0.0,176,15.0,36,3600.0,4.75,4.89,4.87,4.85,4.81,4.83,4.78,,4.0,4.0,0.0,0,2.34
20250600000000.0,29288920,2.0,2.0,,42.64615,-73.75966,2.0,1.0,0.0,1.0,2.0,45,1.0,2.0,1125,1125,1.3,1125.0,,0,0,15,15,13.5,24.0,0.0,15,38.0,144,10800.0,4.51,4.62,4.45,4.81,4.88,4.76,4.64,,2.0,1.0,1.0,0,3.02
20250600000000.0,19648678,4.0,7.0,,42.65222,-73.76724,2.0,1.0,1.0,1.0,2.0,1125,1.0,3.0,1125,1125,2.7,1125.0,,0,0,7,282,13.5,14.0,0.0,123,22.0,84,7980.0,4.73,4.83,4.71,4.82,4.7,4.8,4.72,,4.0,4.0,0.0,0,2.72
20250600000000.0,17766924,1.0,1.0,,42.65559,-73.76506,4.0,1.0,1.0,2.0,1.0,1125,1.0,1.0,1125,1125,1.0,1125.0,,0,0,0,128,13.5,29.0,0.0,0,31.0,174,14964.0,4.8,4.86,4.83,4.95,4.93,4.87,4.77,,1.0,1.0,0.0,0,5.76
20250600000000.0,29288920,2.0,2.0,,42.64734,-73.75851,2.0,1.0,1.0,2.0,1.0,60,1.0,1.0,60,60,1.0,60.0,,18,34,47,223,13.5,34.0,2.0,160,42.0,204,10608.0,4.56,4.72,4.51,4.84,4.86,4.77,4.68,,2.0,1.0,1.0,0,3.67
20250600000000.0,5691268,2.0,3.0,,42.66078,-73.80553,1.0,1.0,1.0,1.0,1.0,1125,1.0,1.0,1125,1125,1.0,1125.0,,16,36,64,153,13.5,5.0,4.0,153,4.0,255,13770.0,4.82,4.89,4.79,4.93,4.88,4.92,4.91,,2.0,0.0,2.0,0,1.2
20250600000000.0,4259750,8.0,13.0,,42.67567,-73.82438,2.0,1.0,3.0,1.0,1.0,1124,1.0,2.0,1124,1124,1.3,1124.0,,20,37,67,326,13.5,30.0,2.0,168,34.0,180,4740.0,4.96,4.93,4.98,4.99,4.96,4.95,4.87,,8.0,8.0,0.0,0,1.71
20250600000000.0,61700428,2.0,2.0,,42.67583,-73.78297,1.0,1.0,0.0,1.0,1.0,112,1.0,2.0,112,112,1.3,112.0,,30,60,90,365,13.5,0.0,0.0,206,2.0,0,0.0,4.81,4.87,4.37,4.94,4.96,4.52,4.87,,2.0,0.0,2.0,0,2.1
20250600000000.0,69729286,2.0,2.0,,42.65154,-73.76867,1.0,1.0,1.0,1.0,5.0,1125,5.0,5.0,1125,1125,5.0,1125.0,,23,41,70,344,28.0,0.0,0.0,186,1.0,0,0.0,4.82,4.89,4.57,4.82,4.89,4.71,4.75,,2.0,0.0,2.0,0,0.48
20250600000000.0,1364123,1.0,5.0,,42.66972,-73.8,2.0,1.0,1.0,1.0,2.0,1125,2.0,2.0,1125,1125,2.0,1125.0,,11,23,42,306,13.5,12.0,1.0,149,15.0,72,15768.0,4.66,4.8,4.71,4.89,4.86,4.8,4.76,,1.0,1.0,0.0,0,1.74
20250600000000.0,4259750,8.0,13.0,,42.673512,-73.819679,7.0,1.0,2.0,2.0,1.0,730,1.0,1.0,730,730,1.0,730.0,,2,10,40,315,113.0,20.0,0.0,156,26.0,120,31200.0,4.96,4.96,4.92,4.98,4.97,4.85,4.67,,8.0,8.0,0.0,0,1.08
20250600000000.0,89705052,2.0,9.0,,42.65651,-73.77887,2.0,1.0,1.0,1.0,2.0,29,2.0,7.0,1125,1125,2.1,1125.0,,30,60,90,115,48.0,8.0,0.0,114,8.0,48,2496.0,4.65,4.83,4.81,4.88,4.73,4.81,4.73,,2.0,0.0,2.0,0,0.49
20250600000000.0,5691268,2.0,3.0,,42.66075,-73.80605,2.0,1.0,1.0,1.0,1.0,1125,1.0,1.0,1125,1125,1.0,1125.0,,20,37,44,316,13.5,5.0,5.0,157,4.0,255,15300.0,4.76,4.85,4.65,4.86,4.79,4.91,4.85,,2.0,0.0,2.0,0,1.2
20250600000000.0,61700428,2.0,2.0,,42.67614,-73.78169,1.0,1.0,0.0,1.0,1.0,112,1.0,2.0,112,112,1.3,112.0,,30,60,90,365,132.0,1.0,0.0,206,2.0,30,1590.0,4.92,4.91,4.53,4.96,4.96,4.67,4.94,,2.0,0.0,2.0,0,1.33
20250600000000.0,4259750,8.0,13.0,,42.67637,-73.82395,6.0,1.0,2.0,3.0,1.0,1125,2.0,3.0,1125,1125,2.3,1125.0,,30,60,90,365,58.0,1.0,0.0,206,1.0,6,2256.0,4.97,4.93,5.0,4.98,5.0,4.97,4.79,,8.0,8.0,0.0,0,0.66
20250600000000.0,15223767,3.0,3.0,,42.65312,-73.78161,2.0,1.0,1.0,1.0,1.0,1125,1.0,2.0,1125,1125,1.3,1125.0,,20,45,75,254,82.0,11.0,0.0,191,11.0,66,4620.0,4.96,4.96,4.94,4.98,4.95,4.95,4.94,,3.0,0.0,3.0,0,1.01
20250600000000.0,140060931,1.0,1.0,,42.6688429,-73.74151371,5.0,1.0,3.0,3.0,1.0,29,1.0,1.0,29,29,1.0,29.0,,29,59,88,88,0.0,0.0,0.0,88,0.0,0,0.0,4.93,4.96,4.91,4.98,4.99,4.89,4.89,,1.0,1.0,0.0,0,1.25
20250600000000.0,67171774,1.0,1.0,,42.65846,-73.80201,2.0,1.0,1.0,1.0,4.0,730,4.0,4.0,730,730,4.0,730.0,,17,33,59,331,115.0,18.0,4.0,172,16.0,144,4740.0,4.93,4.96,4.91,4.98,4.99,4.89,4.89,,1.0,1.0,0.0,0,1.25
20250600000000.0,4259750,8.0,13.0,,42.675,-73.82382,6.0,1.0,2.0,3.0,1.0,1125,1.0,2.0,1125,1125,1.3,1125.0,,26,49,79,354,77.0,22.0,0.0,195,8.0,132,25872.0,4.95,4.94,4.83,4.94,4.94,4.84,4.79,,8.0,8.0,0.0,0,0.83
20250600000000.0,65414985,2.0,2.0,,42.64939,-73.76865,4.0,1.0,1.0,2.0,2.0,1125,2.0,2.0,1125,1125,2.0,1125.0,,16,36,66,341,131.0,0.0,0.0,182,1.0,0,0.0,4.91,4.93,4.93,4.98,4.96,4.89,4.87,,2.0,2.0,0.0,0,1.49
20250600000000.0,98744672,8.0,8.0,,42.65532,-73.78244,2.0,1.0,1.0,1.0,2.0,365,2.0,2.0,1125,1125,2.0,1125.0,,0,0,0,266,48.0,7.0,1.0,107,6.0,42,2856.0,4.92,4.92,4.94,4.94,4.98,4.92,4.88,,8.0,2.0,0.0,0,0.51
20250600000000.0,135717458,11.0,15.0,,42.66565,-73.77975,2.0,1.0,1.0,1.0,1.0,1125,1.0,2.0,1125,1125,1.3,1125.0,,6,36,66,341,46.0,6.0,1.0,182,3.0,216,7776.0,4.78,4.85,4.72,4.98,4.96,4.65,4.67,,3.0,0.0,3.0,0,0.54
20250600000000.0,98744672,8.0,8.0,,42.65372,-73.78244,2.0,1.0,1.0,1.0,2.0,730,2.0,2.0,730,730,2.0,730.0,,0,0,8,260,131.0,18.0,4.0,101,17.0,108,6480.0,4.85,4.89,4.85,4.91,4.93,4.88,4.83,,8.0,2.0,0.0,0,1.42
20250600000000.0,4259750,8.0,13.0,,42.67547,-73.82402,2.0,1.0,1.0,1.0,4.0,1125,4.0,4.0,1125,1125,4.0,1125.0,,30,60,90,365,8.0,0.0,0.0,206,0.0,0,0.0,5.0,5.0,5.0,5.0,4.88,5.0,4.88,,8.0,8.0,0.0,0,0.09
20250600000000.0,152762198,9.0,17.0,,42.66045,-73.77833,4.0,1.0,1.0,2.0,3.0,730,3.0,3.0,730,730,3.0,730.0,,20,36,66,341,13.5,14.0,1.0,182,21.0,84,5628.0,4.75,4.86,4.77,4.92,4.98,4.56,4.76,,9.0,9.0,0.0,0,1.97
20250600000000.0,135717458,11.0,15.0,,42.66572,-73.77834,2.0,1.0,1.0,1.0,1.0,1125,1.0,2.0,1125,1125,1.3,1125.0,,0,5,35,310,32.0,7.0,0.0,151,9.0,252,9324.0,4.84,4.78,4.69,4.97,4.97,4.69,4.69,,3.0,0.0,3.0,0,0.35
20250600000000.0,135717458,11.0,15.0,,42.66703,-73.77842,1.0,1.0,1.0,1.0,1.0,1125,1.0,2.0,1125,1125,1.3,1125.0,,0,0,0,157,26.0,4.0,0.0,0,4.0,144,5040.0,4.77,4.65,4.58,4.96,5.0,4.69,4.73,,3.0,0.0,3.0,0,0.29
20250600000000.0,98744672,8.0,8.0,,42.65501,-73.78122,2.0,1.0,1.0,1.0,2.0,1125,2.0,2.0,1125,1125,2.0,1125.0,,16,37,55,330,121.0,15.0,0.0,171,14.0,90,4860.0,4.91,4.9,4.92,4.98,4.93,4.93,4.83,,8.0,2.0,0.0,0,1.34
20250600000000.0,156446839,1.0,4.0,,42.65975,-73.81196,2.0,1.0,1.0,1.0,2.0,1125,2.0,2.0,1125,1125,2.0,1125.0,,0,3,32,32,122.0,1.0,0.0,32,5.0,6,408.0,4.93,4.95,4.96,4.97,4.98,4.97,4.97,,1.0,0.0,1.0,0,1.4
20250600000000.0,98744672,8.0,8.0,,42.65431,-73.78178,2.0,1.0,1.0,1.0,2.0,730,2.0,2.0,730,730,2.0,730.0,,10,27,49,324,50.0,9.0,0.0,165,7.0,54,3834.0,4.94,4.96,4.94,4.96,4.96,4.96,4.88,,8.0,2.0,0.0,0,0.62
20250600000000.0,9666970,1.0,1.0,,42.65345,-73.7645,2.0,1.0,1.0,1.0,1.0,1125,1.0,1.0,1125,1125,1.0,1125.0,,7,26,49,134,13.5,5.0,5.0,134,4.0,255,18360.0,4.9,4.94,4.9,4.97,4.95,4.92,4.92,,1.0,1.0,0.0,0,1.2
20250600000000.0,31757246,1.0,4.0,,42.65333,-73.77293,2.0,1.0,1.0,1.0,3.0,28,3.0,3.0,1125,1125,3.0,1125.0,,24,48,78,353,14.0,2.0,0.0,194,2.0,12,1116.0,4.86,4.93,5.0,5.0,5.0,4.93,4.71,,1.0,0.0,1.0,0,0.17
20250600000000.0,6833937,1.0,1.0,,42.65403,-73.76325,4.0,1.0,1.0,1.0,2.0,1125,2.0,2.0,1125,1125,2.0,1125.0,,23,37,63,327,142.0,30.0,3.0,179,22.0,180,14400.0,4.85,4.92,4.82,4.97,4.99,4.95,4.8,,1.0,1.0,0.0,0,1.7
20250600000000.0,98744672,8.0,8.0,,42.65430832,-73.78177643,2.0,1.0,1.0,1.0,2.0,1125,2.0,2.0,1125,1125,2.0,1125.0,,10,31,61,336,26.0,3.0,0.0,177,5.0,18,972.0,5.0,5.0,4.92,5.0,5.0,4.96,4.92,,8.0,2.0,0.0,0,0.34
20250600000000.0,202580880,1.0,2.0,,42.64514,-73.80668,4.0,1.0,2.0,2.0,3.0,1125,3.0,3.0,1125,1125,3.0,1125.0,,8,38,68,188,14.0,0.0,0.0,157,0.0,0,0.0,4.93,5.0,4.71,5.0,4.86,5.0,5.0,,1.0,1.0,0.0,0,0.17
20250600000000.0,54394342,1.0,5.0,,42.65821,-73.76917,1.0,1.0,1.0,1.0,1.0,1125,1.0,1.0,1125,1125,1.0,1125.0,,25,50,78,352,92.0,28.0,0.0,194,30.0,168,12600.0,4.95,4.95,4.97,4.99,5.0,4.96,4.96,,1.0,0.0,1.0,0,1.13
20250600000000.0,15223767,3.0,3.0,,42.65464,-73.78348,2.0,1.0,1.0,1.0,1.0,730,1.0,2.0,730,730,1.3,730.0,,0,0,0,94,13.5,22.0,1.0,31,28.0,132,7788.0,4.96,4.97,4.97,4.96,4.97,4.96,4.96,,3.0,0.0,3.0,0,3.39
20250600000000.0,44434571,11.0,13.0,,42.64535,-73.75365,5.0,1.0,1.0,2.0,1.0,28,1.0,3.0,1125,1125,2.1,1125.0,,7,31,61,336,13.5,5.0,1.0,177,4.0,255,20655.0,4.79,4.87,4.83,4.86,4.91,4.72,4.81,,9.0,9.0,0.0,0,1.2
20250600000000.0,44434571,11.0,13.0,,42.64535,-73.75365,3.0,1.0,0.0,1.0,1.0,28,1.0,3.0,1125,1125,2.2,1125.0,,17,40,70,343,13.5,5.0,0.0,184,4.0,255,14280.0,4.72,4.76,4.71,4.83,4.9,4.61,4.7,,9.0,9.0,0.0,0,1.2
20250600000000.0,194113768,2.0,2.0,,42.6737,-73.75313,2.0,1.0,1.0,1.0,1.0,1125,1.0,1.0,1125,1125,1.0,1125.0,,12,18,48,134,7.0,1.0,0.0,87,1.0,6,420.0,5.0,5.0,5.0,5.0,5.0,5.0,4.86,,1.0,0.0,1.0,0,0.09
20250600000000.0,19648678,4.0,7.0,,42.65235,-73.76714,2.0,1.0,1.0,1.0,2.0,1125,1.0,3.0,1125,1125,2.7,1125.0,,28,46,76,351,107.0,17.0,2.0,192,9.0,102,8364.0,4.65,4.86,4.79,4.81,5.0,4.79,4.64,,4.0,4.0,0.0,0,1.33
20250600000000.0,98744672,8.0,8.0,,42.6533,-73.78114,1.0,1.0,1.0,1.0,2.0,1125,2.0,2.0,1125,1125,2.0,1125.0,,11,39,69,344,68.0,0.0,0.0,185,4.0,0,0.0,4.94,4.93,4.94,4.94,4.97,4.96,4.93,,8.0,2.0,0.0,0,0.88
20250600000000.0,160340958,1.0,2.0,,42.67519,-73.82281,1.0,1.0,1.0,1.0,2.0,1125,2.0,2.0,1125,1125,2.0,1125.0,,0,0,0,237,32.0,5.0,1.0,78,2.0,30,1410.0,4.75,4.72,4.69,4.88,4.88,4.91,4.75,,1.0,0.0,1.0,0,0.41
20250600000000.0,172223381,2.0,2.0,,42.64936,-73.80278,1.0,1.0,2.0,2.0,1.0,1125,1.0,1.0,1125,1125,1.0,1125.0,,0,0,0,0,13.5,12.0,1.0,0,14.0,72,624.0,4.96,4.98,4.98,4.98,4.99,4.97,4.97,,2.0,0.0,2.0,0,2.78
20250600000000.0,97330032,1.0,1.0,,42.6761,-73.73825,4.0,1.0,2.0,2.0,3.0,26,3.0,3.0,1125,1125,3.0,1125.0,,30,60,90,269,1.0,1.0,0.0,206,1.0,6,624.0,5.0,5.0,5.0,5.0,5.0,5.0,5.0,,1.0,0.0,1.0,0,0.13
20250600000000.0,44434571,11.0,13.0,,42.64563,-73.75311,6.0,1.0,2.0,3.0,1.0,28,1.0,3.0,1125,1125,2.2,1125.0,,20,35,65,340,13.5,42.0,5.0,181,31.0,252,21672.0,4.68,4.75,4.67,4.76,4.82,4.64,4.68,,9.0,9.0,0.0,0,5.91
20250600000000.0,44434571,11.0,13.0,,42.64585,-73.75297,6.0,1.0,2.0,2.0,1.0,28,1.0,3.0,1125,1125,2.2,1125.0,,15,29,59,334,13.5,48.0,0.0,175,37.0,255,22185.0,4.76,4.81,4.75,4.84,4.87,4.64,4.76,,9.0,9.0,0.0,0,1.2
20250600000000.0,232967878,24.0,5.0,,42.64335,-73.7579,6.0,1.0,2.0,3.0,1.0,1125,1.0,1.0,1125,1125,1.0,1125.0,,28,28,28,28,13.5,45.0,2.0,28,4.0,255,30090.0,4.75,4.76,4.86,4.84,4.84,4.28,4.72,,3.0,2.0,0.0,0,4.35
20250600000000.0,15223767,3.0,3.0,,42.65259,-73.78223,2.0,1.0,1.0,1.0,1.0,1125,1.0,2.0,1125,1125,1.3,1125.0,,6,24,49,228,13.5,41.0,2.0,165,36.0,246,12300.0,4.98,4.97,4.95,4.98,4.94,4.94,4.96,,3.0,0.0,3.0,0,2.75
20250600000000.0,232967878,24.0,5.0,,42.64506,-73.75727,2.0,1.0,1.0,1.0,1.0,1125,1.0,1.0,1125,1125,1.0,1125.0,,27,27,27,27,13.5,29.0,1.0,27,48.0,174,15486.0,4.79,4.82,4.83,4.85,4.83,4.32,4.75,,3.0,2.0,0.0,0,4.27
20250600000000.0,188679144,9.0,9.0,,42.66619,-73.79031,4.0,1.0,2.0,2.0,2.0,1125,2.0,2.0,1125,1125,2.0,1125.0,,30,60,90,365,54.0,2.0,0.0,206,4.0,12,1512.0,4.8,4.83,4.87,4.93,4.93,4.87,4.74,,8.0,8.0,0.0,0,0.75
20250600000000.0,172223381,2.0,2.0,,42.65085,-73.80239,1.0,1.0,1.0,1.0,1.0,1125,1.0,1.0,1125,1125,1.0,1125.0,,10,17,42,221,13.5,5.0,0.0,158,4.0,255,13515.0,4.97,4.99,4.99,4.98,4.98,4.98,4.98,,2.0,0.0,2.0,0,6.03
20250600000000.0,299638115,4.0,4.0,,42.65507,-73.76138,4.0,1.0,2.0,2.0,2.0,365,2.0,3.0,365,1125,2.9,1091.7,,28,51,81,356,44.0,5.0,2.0,197,5.0,30,3120.0,4.75,4.77,4.77,4.64,4.98,4.59,4.52,,4.0,4.0,0.0,0,0.66
20250600000000.0,188679144,9.0,9.0,,42.65483,-73.78033,4.0,1.0,1.0,1.0,5.0,1125,5.0,5.0,1125,1125,5.0,1125.0,,30,60,90,365,24.0,1.0,0.0,206,0.0,10,1100.0,4.46,4.46,4.58,4.83,4.88,4.71,4.33,,8.0,8.0,0.0,0,0.35
20250600000000.0,152762198,9.0,17.0,,42.66827,-73.79231,5.0,1.0,2.0,3.0,3.0,700,3.0,3.0,700,700,3.0,700.0,,22,41,41,314,130.0,22.0,1.0,155,22.0,132,12144.0,4.86,4.94,4.9,4.96,4.97,4.92,4.82,,9.0,9.0,0.0,0,1.94
20250600000000.0,47491906,2.0,5.0,,42.67773,-73.73899,4.0,1.0,1.0,3.0,1.0,800,1.0,1.0,800,800,1.0,800.0,,7,7,7,7,13.5,7.0,0.0,7,2.0,42,5082.0,4.99,4.99,4.99,4.99,4.99,4.97,4.95,,1.0,1.0,0.0,0,2.63
20250600000000.0,59864591,1.0,1.0,,42.65115,-73.7668,4.0,1.0,2.0,2.0,1.0,1125,1.0,2.0,1125,1125,1.3,1125.0,,0,0,0,0,4.0,0.0,0.0,0,0.0,0,0.0,5.0,5.0,5.0,5.0,5.0,5.0,5.0,,1.0,1.0,0.0,0,0.08
20250600000000.0,188679144,9.0,9.0,,42.65315,-73.76202,4.0,1.0,2.0,2.0,1.0,1125,1.0,7.0,1125,1125,7.0,1125.0,,30,60,90,365,24.0,2.0,0.0,206,2.0,28,3416.0,4.75,4.71,4.79,4.79,4.79,4.79,4.67,,8.0,8.0,0.0,0,0.37
20250600000000.0,41400541,1.0,5.0,,42.66403,-73.81446,2.0,1.0,1.0,1.0,1.0,7,1.0,1.0,7,7,1.0,7.0,,0,0,8,97,13.5,28.0,0.0,97,4.0,168,8736.0,4.91,4.96,4.86,4.98,4.98,4.92,4.95,,1.0,0.0,1.0,0,2.9
20250600000000.0,121680792,4.0,5.0,,42.6469,-73.75761,6.0,1.0,3.0,3.0,3.0,1125,3.0,4.0,1125,1125,3.0,1125.0,,0,0,0,9,27.0,0.0,0.0,1,0.0,0,0.0,4.9,4.9,4.9,5.0,5.0,4.26,4.9,,5.0,5.0,0.0,0,0.45
20250600000000.0,339085327,1.0,1.0,,42.65567,-73.7854,4.0,1.0,3.0,3.0,1.0,1125,1.0,2.0,1125,1125,1.3,1125.0,,30,60,90,365,0.0,0.0,0.0,206,0.0,0,0.0,4.8,4.87,4.64,4.89,4.96,4.61,4.77,,1.0,1.0,0.0,0,1.84
20250600000000.0,649068,2.0,2.0,,42.63876,-73.78535,6.0,1.0,3.0,3.0,1.0,1125,1.0,2.0,1125,1125,1.3,1125.0,,20,40,70,223,115.0,19.0,2.0,160,14.0,114,11628.0,4.8,4.87,4.64,4.89,4.96,4.61,4.77,,1.0,1.0,0.0,0,1.84
20250600000000.0,272907816,2.0,6.0,,42.64453,-73.75426,4.0,1.0,2.0,2.0,2.0,29,1.0,3.0,29,29,2.2,29.0,,25,48,77,77,112.0,24.0,3.0,77,26.0,144,12528.0,4.83,4.88,4.8,4.91,4.91,4.54,4.84,,2.0,2.0,0.0,0,1.95
20250600000000.0,299638115,4.0,4.0,,42.65556,-73.76205,3.0,1.0,1.0,2.0,2.0,1080,2.0,3.0,365,1125,2.8,1091.7,,18,38,68,343,18.0,2.0,0.0,184,3.0,12,1368.0,4.94,5.0,4.94,4.72,4.94,4.72,4.83,,4.0,4.0,0.0,0,0.34
20250600000000.0,349460842,17.0,17.0,,42.66257,-73.78281,6.0,1.0,3.0,3.0,1.0,1125,1.0,1.0,1125,1125,1.0,1125.0,,0,0,0,0,131.0,15.0,0.0,0,24.0,90,20832.0,4.85,4.9,4.95,4.96,4.96,4.6,4.73,,17.0,4.0,0.0,0,2.18
20250600000000.0,232967878,24.0,5.0,,42.64383,-73.78926,6.0,1.0,3.0,3.0,2.0,1125,2.0,2.0,1125,1125,2.0,1125.0,,0,1,1,1,91.0,14.0,0.0,1,24.0,84,20832.0,4.91,4.9,4.91,4.95,4.93,4.81,4.78,,3.0,2.0,0.0,0,1.52
20250600000000.0,355777684,3.0,3.0,,42.65935,-73.76805,4.0,1.0,0.0,1.0,1.0,365,1.0,1.0,365,365,1.0,365.0,,17,28,51,318,13.5,31.0,2.0,159,41.0,186,18972.0,4.97,4.98,4.99,4.98,4.99,4.95,4.96,,3.0,3.0,0.0,0,1.2
20250600000000.0,355777684,3.0,3.0,,42.66006,-73.76966,4.0,1.0,1.0,2.0,1.0,1125,1.0,1.0,1125,1125,1.0,1125.0,,26,44,66,331,13.5,12.0,1.0,172,16.0,72,7416.0,4.99,4.98,4.99,4.98,5.0,4.98,4.97,,3.0,3.0,0.0,0,5.11
20250600000000.0,353498132,6.0,6.0,,42.64808,-73.7996,4.0,1.0,2.0,2.0,1.0,1125,1.0,2.0,1125,1125,1.3,1125.0,,0,0,0,266,26.0,3.0,0.0,108,4.0,78,11388.0,4.85,4.92,4.69,4.96,4.96,4.96,4.77,,6.0,6.0,0.0,0,0.45
20250600000000.0,362851072,1.0,1.0,,42.66132,-73.7956,3.0,1.0,1.0,1.0,1.0,365,1.0,1.0,365,365,1.0,365.0,,0,0,0,221,129.0,4.0,0.0,62,8.0,24,3168.0,4.95,4.97,4.94,4.97,4.97,4.95,4.9,,1.0,1.0,0.0,0,2.21
20250600000000.0,272907816,2.0,6.0,,42.64454,-73.75369,4.0,1.0,0.0,3.0,1.0,29,1.0,3.0,29,29,2.2,29.0,,20,45,74,74,40.0,10.0,4.0,74,4.0,60,4020.0,4.63,4.75,4.83,4.85,4.68,4.33,4.55,,2.0,2.0,0.0,0,0.88
20250600000000.0,165293595,5.0,7.0,,42.6545,-73.78223,4.0,1.0,1.0,2.0,2.0,365,2.0,2.0,1125,1125,2.0,1125.0,,14,38,68,247,154.0,29.0,2.0,184,41.0,174,15486.0,4.72,4.8,4.59,4.91,4.88,4.73,4.72,,1.0,1.0,0.0,0,2.72
20250600000000.0,47625981,19.0,19.0,,42.64801,-73.75668,3.0,1.0,1.0,1.0,1.0,1125,1.0,2.0,1125,1125,1.3,1125.0,,10,33,61,176,99.0,6.0,0.0,176,14.0,36,3888.0,4.61,4.7,4.7,4.8,4.83,4.48,4.55,,18.0,2.0,0.0,0,1.86
20250600000000.0,47625981,19.0,19.0,,42.64821,-73.75793,3.0,1.0,1.0,1.0,1.0,1125,1.0,2.0,1125,1125,1.3,1125.0,,19,45,72,344,122.0,18.0,2.0,188,21.0,108,11664.0,4.78,4.82,4.87,4.84,4.92,4.48,4.71,,18.0,2.0,0.0,0,2.29
20250600000000.0,47625981,19.0,19.0,,42.64713,-73.75628,4.0,1.0,2.0,2.0,1.0,1125,1.0,2.0,1125,1125,1.3,1125.0,,22,43,73,188,144.0,16.0,0.0,188,24.0,96,11232.0,4.66,4.74,4.76,4.9,4.87,4.47,4.58,,18.0,2.0,0.0,0,2.72
20250600000000.0,69789449,1.0,1.0,,42.65311,-73.78525,4.0,1.0,2.0,2.0,1.0,100,1.0,1.0,1125,1125,1.0,1125.0,,8,8,17,286,13.5,41.0,4.0,127,4.0,246,4740.0,4.99,4.99,4.99,4.99,4.99,4.9,4.94,,1.0,1.0,0.0,0,4.87
20250600000000.0,152762198,9.0,17.0,,42.66646,-73.79184,4.0,1.0,2.0,2.0,3.0,700,3.0,3.0,1125,1125,3.0,1125.0,,14,32,62,241,93.0,25.0,0.0,178,26.0,150,13800.0,4.91,4.9,4.86,4.98,5.0,4.73,4.85,,9.0,9.0,0.0,0,1.75
20250600000000.0,19648678,4.0,7.0,,42.65345,-73.76663,2.0,1.0,1.0,1.0,1.0,1125,2.0,4.0,1125,1125,3.7,1125.0,,0,8,38,312,65.0,16.0,2.0,154,18.0,96,9216.0,4.58,4.69,4.68,5.0,5.0,4.52,4.58,,4.0,4.0,0.0,0,1.23
20250600000000.0,152762198,9.0,17.0,,42.67156,-73.80883,3.0,1.0,1.0,1.0,3.0,700,3.0,3.0,700,700,3.0,700.0,,9,14,38,313,71.0,20.0,1.0,154,22.0,120,9240.0,4.9,4.92,4.89,4.97,4.99,4.87,4.94,,9.0,9.0,0.0,0,1.36
20250600000000.0,382970529,16.0,26.0,,42.6692,-73.79849,3.0,1.0,1.0,1.0,1.0,32,1.0,1.0,1125,1125,1.0,1125.0,,9,16,31,31,13.5,47.0,2.0,31,43.0,255,22950.0,4.97,4.97,4.99,4.97,4.99,4.98,4.98,,15.0,4.0,0.0,0,3.22
20250600000000.0,299638115,4.0,4.0,,42.656,-73.76123,4.0,1.0,2.0,3.0,2.0,1125,1.0,3.0,365,1125,2.9,1091.7,,0,5,35,310,21.0,3.0,0.0,151,4.0,18,2412.0,4.43,4.67,4.57,4.76,4.71,4.29,4.33,,4.0,4.0,0.0,0,0.4
20250600000000.0,21886921,2.0,5.0,,42.66744,-73.79216,5.0,1.0,2.0,2.0,1.0,365,1.0,2.0,365,365,1.3,365.0,,14,18,25,300,9.0,2.0,1.0,141,2.0,56,7000.0,5.0,5.0,4.67,5.0,4.89,4.89,4.89,,2.0,2.0,0.0,0,0.18
20250600000000.0,385664127,7.0,9.0,,42.65118,-73.75274,4.0,1.0,1.0,2.0,2.0,1125,2.0,3.0,1125,1125,2.0,1125.0,,19,33,63,243,13.5,29.0,0.0,179,33.0,174,16530.0,4.88,4.93,4.97,4.95,4.89,4.9,4.86,,2.0,2.0,0.0,0,3.2
20250600000000.0,349460842,17.0,17.0,,42.66261,-73.78332,6.0,1.0,3.0,1.0,1.0,365,1.0,1.0,1125,1125,1.0,1125.0,,26,54,82,357,13.5,21.0,2.0,198,15.0,126,25326.0,4.78,4.87,4.95,4.95,4.93,4.47,4.63,,17.0,4.0,0.0,0,3.17
20250600000000.0,385664127,7.0,9.0,,42.64982,-73.7509,6.0,1.0,2.0,3.0,1.0,730,1.0,3.0,730,730,1.2,730.0,,5,5,5,142,13.5,40.0,1.0,81,45.0,240,31200.0,4.9,4.96,4.94,4.97,4.92,4.89,4.88,,2.0,2.0,0.0,0,4.88
20250600000000.0,98744672,8.0,8.0,,42.65399,-73.78126,1.0,1.0,1.0,1.0,2.0,180,2.0,2.0,1125,1125,2.0,1125.0,,7,27,34,280,76.0,15.0,0.0,121,28.0,90,3690.0,4.92,4.95,4.97,4.91,4.96,4.86,4.95,,8.0,2.0,0.0,0,1.46
20250600000000.0,4259750,8.0,13.0,,42.66526413,-73.78692627,2.0,1.0,1.0,1.0,2.0,1125,2.0,2.0,1125,1125,2.0,1125.0,,17,45,75,331,44.0,14.0,0.0,175,12.0,84,4740.0,4.95,4.95,4.95,5.0,4.98,4.91,4.93,,8.0,8.0,0.0,0,1.25
20250600000000.0,392074908,3.0,7.0,,42.65429,-73.75986,2.0,1.0,1.0,1.0,2.0,180,1.0,2.0,1125,1125,2.0,1125.0,,23,47,77,166,102.0,3.0,2.0,166,11.0,18,1674.0,4.7,4.84,4.59,4.85,4.7,4.85,4.75,,3.0,3.0,0.0,0,2.19
20250600000000.0,172658781,2.0,4.0,,42.66972,-73.79544,4.0,1.0,2.0,3.0,1.0,1125,1.0,2.0,1125,1125,1.3,1125.0,,0,4,34,308,4.0,0.0,0.0,150,0.0,0,0.0,5.0,5.0,5.0,5.0,5.0,4.75,4.75,,2.0,2.0,0.0,0,0.09
20250600000000.0,48490017,1.0,1.0,,42.65157,-73.76546,2.0,1.0,1.0,1.0,2.0,365,2.0,2.0,365,365,2.0,365.0,,9,16,23,100,13.5,34.0,2.0,100,38.0,204,9984.0,4.99,4.99,4.99,4.97,5.0,4.89,4.97,,1.0,1.0,0.0,0,4.09
20250600000000.0,47625981,19.0,19.0,,42.65888,-73.74673,3.0,1.0,1.0,1.0,1.0,1125,1.0,2.0,1125,1125,1.3,1125.0,,28,50,80,196,89.0,16.0,3.0,196,12.0,96,9984.0,4.76,4.83,4.75,4.89,4.9,4.47,4.75,,18.0,2.0,0.0,0,1.83
20250600000000.0,105597161,1.0,1.0,,42.66034,-73.77163,3.0,1.0,1.0,2.0,2.0,1125,2.0,2.0,1125,1125,2.0,1125.0,,0,11,11,11,13.5,25.0,4.0,11,37.0,150,15750.0,4.97,4.97,4.93,4.99,4.98,4.8,4.91,,1.0,1.0,0.0,0,4.42
20250600000000.0,188679144,9.0,9.0,,42.65333,-73.76402,4.0,1.0,2.0,2.0,3.0,365,3.0,3.0,365,365,3.0,365.0,,30,60,90,365,16.0,6.0,1.0,206,5.0,36,4860.0,4.56,4.56,4.38,4.75,4.81,4.81,4.5,,8.0,8.0,0.0,0,0.33
20250600000000.0,172539578,4.0,4.0,,42.67945,-73.81647,1.0,1.0,1.0,1.0,3.0,1125,3.0,3.0,1125,1125,3.0,1125.0,,0,1,3,30,46.0,9.0,1.0,3,9.0,54,3240.0,4.93,4.85,4.83,4.96,4.96,4.91,4.91,,4.0,1.0,3.0,0,1.02
20250600000000.0,47625981,19.0,19.0,,42.65901,-73.74748,2.0,1.0,1.0,1.0,1.0,1125,1.0,2.0,1125,1125,1.3,1125.0,,29,54,84,200,45.0,5.0,0.0,200,6.0,30,3240.0,4.62,4.8,4.89,4.91,4.82,4.38,4.56,,18.0,2.0,0.0,0,0.96
20250600000000.0,414738935,1.0,1.0,,42.66064,-73.76074,2.0,1.0,1.0,1.0,1.0,1125,1.0,2.0,1125,1125,1.0,1125.0,,17,36,62,217,13.5,35.0,0.0,161,39.0,210,13650.0,4.75,4.84,4.92,4.81,4.89,4.22,4.7,,1.0,1.0,0.0,0,5.4
20250600000000.0,416799784,1.0,1.0,,42.65969,-73.77564,2.0,1.0,1.0,1.0,1.0,1125,1.0,7.0,1125,1125,7.0,1125.0,,15,18,24,113,28.0,7.0,0.0,113,4.0,98,8722.0,4.96,4.96,4.82,5.0,5.0,4.96,4.86,,1.0,1.0,0.0,0,0.63
20250600000000.0,394420519,9.0,11.0,,42.65061,-73.75006,2.0,1.0,1.0,1.0,4.0,365,4.0,4.0,1125,1125,4.0,1125.0,,30,53,83,262,9.0,1.0,0.0,199,2.0,8,1104.0,4.9,4.56,4.9,5.0,5.0,4.56,4.9,,1.0,1.0,0.0,0,0.2
20250600000000.0,47625981,19.0,19.0,,42.65856,-73.74866,3.0,1.0,1.0,1.0,1.0,1125,1.0,2.0,1125,1125,1.3,1125.0,,25,48,78,194,78.0,10.0,2.0,194,11.0,60,5940.0,4.77,4.85,4.76,4.81,4.82,4.56,4.73,,18.0,2.0,0.0,0,1.68
20250600000000.0,60293220,3.0,3.0,,42.65844,-73.74978,2.0,1.0,1.0,1.0,2.0,365,2.0,3.0,365,365,2.3,365.0,,10,33,63,337,90.0,13.0,1.0,179,19.0,78,6942.0,4.77,4.89,4.64,4.93,4.92,4.48,4.8,,3.0,3.0,0.0,0,2.02
20250600000000.0,392074908,3.0,7.0,,42.65269,-73.76076,2.0,1.0,1.0,1.0,2.0,365,2.0,2.0,1125,1125,2.0,1125.0,,5,29,59,334,43.0,9.0,1.0,175,6.0,54,270.0,4.4,4.65,4.47,4.79,4.67,4.81,4.53,,3.0,3.0,0.0,0,0.93
20250600000000.0,172539578,4.0,4.0,,42.67812,-73.81724,1.0,1.0,1.0,1.0,3.0,180,1.0,3.0,1125,1125,3.0,1125.0,,13,25,41,220,11.0,1.0,0.0,157,0.0,6,270.0,5.0,5.0,4.91,5.0,5.0,5.0,4.91,,4.0,1.0,3.0,0,0.25
20250600000000.0,152762198,9.0,17.0,,42.7,-73.77357,5.0,1.0,2.0,2.0,3.0,365,3.0,3.0,365,365,3.0,365.0,,17,26,56,145,72.0,17.0,3.0,145,19.0,102,9792.0,4.89,4.92,4.92,4.93,4.99,4.72,4.82,,9.0,9.0,0.0,0,1.6
20250600000000.0,35465673,1.0,1.0,,42.65641,-73.76413,2.0,1.0,0.0,1.0,1.0,27,1.0,1.0,1125,1125,1.0,1125.0,,15,32,61,61,13.5,5.0,0.0,61,4.0,255,19125.0,4.93,4.93,4.9,4.9,4.98,4.87,4.91,,1.0,1.0,0.0,0,1.2
20250600000000.0,232967878,24.0,5.0,,42.65674,-73.79221,6.0,1.0,3.0,3.0,2.0,1125,2.0,2.0,1125,1125,2.0,1125.0,,24,39,52,224,135.0,25.0,2.0,161,30.0,150,22350.0,4.93,4.9,4.88,4.98,4.96,4.92,4.87,,3.0,2.0,0.0,0,3.04
20250600000000.0,232967878,24.0,5.0,,42.67102,-73.79454,4.0,1.0,2.0,2.0,2.0,1125,2.0,2.0,1125,1125,2.0,1125.0,,25,25,25,25,89.0,17.0,1.0,25,15.0,102,10812.0,4.81,4.84,4.88,4.89,4.88,4.81,4.75,,3.0,2.0,0.0,0,1.99
20250600000000.0,232967878,24.0,5.0,,42.66236,-73.79245,2.0,1.0,1.0,1.0,2.0,365,2.0,2.0,1125,1125,2.0,1125.0,,18,37,67,240,90.0,22.0,1.0,177,26.0,132,4740.0,4.97,4.97,4.97,4.98,4.94,4.93,4.91,,3.0,2.0,0.0,0,2.03
20250600000000.0,232967878,24.0,5.0,,42.67242,-73.79292,4.0,1.0,2.0,2.0,1.0,365,1.0,1.0,365,365,1.0,365.0,,0,1,1,1,85.0,14.0,0.0,1,30.0,84,10080.0,4.86,4.89,4.94,4.95,4.87,4.84,4.79,,3.0,2.0,0.0,0,2.02
20250600000000.0,47625981,19.0,19.0,,42.65812,-73.74837,3.0,1.0,1.0,1.0,1.0,1125,1.0,2.0,1125,1125,1.3,1125.0,,28,50,80,196,76.0,12.0,3.0,196,15.0,72,7488.0,4.7,4.74,4.61,4.76,4.79,4.51,4.62,,18.0,2.0,0.0,0,1.72
20250600000000.0,355777684,3.0,3.0,,42.65826,-73.76944,4.0,1.0,1.0,2.0,1.0,1125,1.0,1.0,1125,1125,1.0,1125.0,,6,13,34,289,13.5,41.0,3.0,131,48.0,246,25830.0,4.98,4.97,4.99,4.99,5.0,4.97,4.95,,3.0,3.0,0.0,0,4.66
20250600000000.0,428451585,1.0,1.0,,42.64792,-73.79953,4.0,1.0,3.0,2.0,3.0,365,3.0,3.0,365,365,3.0,365.0,,30,60,90,364,0.0,0.0,0.0,206,0.0,0,0.0,4.81,4.84,4.87,4.84,4.81,4.37,4.77,,1.0,1.0,0.0,0,1.43
20250600000000.0,232967878,24.0,5.0,,42.64369,-73.7581,2.0,1.0,1.0,2.0,2.0,730,2.0,2.0,730,730,2.0,730.0,,21,21,21,21,62.0,13.0,1.0,21,17.0,78,6084.0,4.81,4.84,4.87,4.84,4.81,4.37,4.77,,3.0,2.0,0.0,0,1.43
20250600000000.0,433096110,4.0,5.0,,42.65824,-73.80114,2.0,1.0,1.0,1.0,1.0,28,1.0,1.0,28,28,1.0,28.0,,18,40,70,249,13.5,35.0,0.0,185,4.0,210,4740.0,4.94,4.97,4.95,4.96,4.99,4.83,4.89,,3.0,3.0,0.0,0,3.78
20250600000000.0,433096110,4.0,5.0,,42.65204,-73.76655,2.0,1.0,1.0,1.0,1.0,28,1.0,1.0,28,28,1.0,28.0,,20,40,68,339,13.5,5.0,0.0,181,4.0,255,24990.0,4.89,4.91,4.81,4.96,4.97,4.78,4.86,,3.0,3.0,0.0,0,1.2
20250600000000.0,47625981,19.0,19.0,,42.65913,-73.74722,5.0,1.0,2.0,2.0,1.0,1125,1.0,2.0,1125,1125,1.3,1125.0,,17,32,59,175,119.0,29.0,2.0,175,36.0,174,23490.0,4.66,4.78,4.61,4.73,4.82,4.39,4.63,,18.0,2.0,0.0,0,2.8
20250600000000.0,4259750,8.0,13.0,,42.674675,-73.822861,2.0,1.0,1.0,1.0,1.0,1125,1.0,2.0,1125,1125,1.3,1125.0,,9,30,60,335,40.0,19.0,0.0,176,19.0,114,4740.0,4.98,4.98,4.98,5.0,4.98,4.98,4.95,,8.0,8.0,0.0,0,1.02
20250600000000.0,60293220,3.0,3.0,,42.65873,-73.7494,2.0,1.0,1.0,1.0,1.0,1125,1.0,2.0,1125,1125,1.3,1125.0,,30,60,90,364,3.0,0.0,0.0,206,0.0,0,0.0,5.0,5.0,5.0,5.0,5.0,5.0,5.0,,3.0,3.0,0.0,0,0.08
20250600000000.0,438504176,1.0,1.0,,42.64683,-73.75662,4.0,1.0,0.0,1.0,1.0,1,1.0,1.0,1,1,1.0,1.0,,30,60,90,365,0.0,0.0,0.0,206,0.0,0,0.0,4.75,4.78,4.77,4.87,4.94,4.82,4.72,,1.0,1.0,0.0,0,2.88
20250600000000.0,37769478,14.0,15.0,,42.66261,-73.79026,2.0,1.0,1.0,2.0,1.0,1125,1.0,1.0,365,365,1.0,365.0,,27,54,84,358,105.0,27.0,0.0,200,35.0,162,13446.0,4.75,4.78,4.77,4.87,4.94,4.82,4.72,,11.0,11.0,0.0,0,2.88
20250600000000.0,37769478,14.0,15.0,,42.65422,-73.76996,2.0,1.0,1.0,2.0,1.0,1125,1.0,1.0,1,1125,1.0,412.2,,1,25,55,329,69.0,9.0,0.0,171,11.0,54,5940.0,4.93,4.93,4.96,4.96,5.0,4.87,4.88,,11.0,11.0,0.0,0,1.77
20250600000000.0,37769478,14.0,15.0,,42.65403,-73.77056,2.0,1.0,1.0,1.0,1.0,1125,1.0,1.0,1,1125,1.0,327.1,,22,39,66,340,133.0,31.0,2.0,182,15.0,186,17112.0,4.9,4.96,4.88,4.95,4.96,4.81,4.86,,11.0,11.0,0.0,0,3.19
20250600000000.0,265709295,2.0,2.0,,42.65594,-73.76591,2.0,1.0,2.0,1.0,1.0,730,1.0,1.0,730,730,1.0,730.0,,14,33,56,325,13.5,40.0,1.0,168,45.0,240,4740.0,4.98,4.95,4.98,4.97,5.0,4.86,4.95,,2.0,2.0,0.0,0,6.04
20250600000000.0,432936385,1.0,1.0,,42.65143,-73.76497,2.0,1.0,3.0,1.0,1.0,1125,1.0,1.0,1125,1125,1.0,1125.0,,11,21,41,303,13.5,5.0,0.0,147,4.0,255,4740.0,4.98,4.99,4.96,4.99,5.0,4.95,4.98,,1.0,1.0,0.0,0,5.7
20250600000000.0,152762198,9.0,17.0,,42.65578,-73.78641,6.0,1.0,2.0,2.0,3.0,365,3.0,3.0,1125,1125,3.0,1125.0,,13,24,54,233,56.0,25.0,3.0,170,12.0,150,14550.0,4.93,4.93,4.91,4.96,4.98,4.82,4.89,,9.0,9.0,0.0,0,1.7
20250600000000.0,152762198,9.0,17.0,,42.65905,-73.77964,3.0,1.0,1.0,1.0,3.0,365,3.0,3.0,1125,1125,3.0,1125.0,,14,20,50,325,57.0,13.0,2.0,166,16.0,78,6006.0,4.82,4.86,4.91,4.89,4.98,4.51,4.77,,9.0,9.0,0.0,0,1.54
20250600000000.0,433884293,1.0,2.0,,42.66062,-73.79112,2.0,1.0,1.0,2.0,6.0,1125,5.0,6.0,1125,1125,5.9,1125.0,,29,59,89,363,2.0,0.0,0.0,205,0.0,0,0.0,4.9,4.9,4.9,5.0,5.0,4.5,4.9,,1.0,1.0,0.0,0,0.06
20250600000000.0,47625981,19.0,19.0,,42.65848,-73.76359,2.0,1.0,0.0,1.0,1.0,365,1.0,2.0,1125,1125,1.3,1125.0,,29,53,83,358,45.0,6.0,0.0,199,6.0,36,3312.0,4.69,4.78,4.58,4.87,4.78,4.04,4.62,,18.0,2.0,0.0,0,1.15
20250600000000.0,353498132,6.0,6.0,,42.64441,-73.75647,2.0,1.0,1.0,1.0,1.0,365,1.0,2.0,365,365,1.3,365.0,,0,0,28,302,13.0,2.0,0.0,144,4.0,52,6136.0,5.0,5.0,4.92,5.0,5.0,4.46,5.0,,6.0,6.0,0.0,0,0.36
20250600000000.0,382970529,16.0,26.0,,42.66911,-73.79869,2.0,1.0,1.0,2.0,1.0,60,1.0,1.0,1125,1125,1.0,1125.0,,18,25,46,46,123.0,25.0,3.0,46,41.0,150,14400.0,4.97,4.93,5.0,4.88,4.97,4.94,4.94,,15.0,4.0,0.0,0,3.45
20250600000000.0,30920241,3.0,3.0,,42.65314,-73.76787,4.0,1.0,2.0,2.0,1.0,90,2.0,2.0,1125,1125,2.0,1125.0,,0,3,27,90,11.0,3.0,0.0,27,4.0,255,4740.0,5.0,4.82,4.82,4.91,5.0,4.45,4.73,,2.0,2.0,0.0,0,0.29
20250600000000.0,433096110,4.0,5.0,,42.65353,-73.7679,2.0,1.0,1.0,1.0,1.0,28,1.0,1.0,28,28,1.0,28.0,,17,30,52,321,13.5,46.0,5.0,162,4.0,255,24990.0,4.9,4.97,4.85,4.95,4.95,4.78,4.88,,3.0,3.0,0.0,0,4.7
20250600000000.0,2554853,2.0,2.0,,42.65547943,-73.76625061,3.0,1.0,2.0,3.0,5.0,61,4.0,4.0,61,61,4.0,61.0,,28,51,81,260,8.0,2.0,0.0,197,2.0,20,2700.0,5.0,5.0,4.75,4.88,5.0,5.0,4.88,,1.0,1.0,0.0,0,0.25
20250600000000.0,353498132,6.0,6.0,,42.64489,-73.75731,2.0,1.0,1.0,1.0,1.0,365,1.0,2.0,365,365,1.3,365.0,,0,3,33,307,10.0,2.0,0.0,149,5.0,52,6916.0,5.0,5.0,5.0,5.0,4.8,4.0,5.0,,6.0,6.0,0.0,0,0.28
20250600000000.0,457678547,1.0,1.0,,42.640217,-73.780815,4.0,1.0,2.0,3.0,2.0,1125,2.0,2.0,1125,1125,2.0,1125.0,,0,0,0,165,16.0,1.0,0.0,30,4.0,6,798.0,4.44,4.9,4.38,4.69,4.63,4.31,4.31,,1.0,1.0,0.0,0,0.47
20250600000000.0,382970529,16.0,26.0,,42.66762,-73.79919,2.0,1.0,1.0,1.0,1.0,32,1.0,1.0,1125,1125,1.0,1125.0,,10,18,40,311,15.0,6.0,0.0,152,7.0,36,4740.0,5.0,5.0,5.0,5.0,5.0,4.87,5.0,,15.0,4.0,0.0,0,0.42
20250600000000.0,47625981,19.0,19.0,,42.64528,-73.75861,2.0,1.0,1.0,1.0,1.0,365,1.0,2.0,1125,1125,1.3,1125.0,,24,48,76,192,57.0,14.0,2.0,192,16.0,84,8316.0,4.75,4.88,4.75,4.95,4.88,4.56,4.63,,18.0,2.0,0.0,0,1.56
20250600000000.0,7164949,1.0,2.0,,42.66169975,-73.76466828,1.0,1.0,2.0,2.0,2.0,7,2.0,2.0,7,7,2.0,7.0,,29,59,88,88,0.0,0.0,0.0,88,0.0,0,0.0,4.6,4.79,4.68,4.82,4.88,4.4,4.61,,1.0,0.0,1.0,0,1.54
20250600000000.0,47625981,19.0,19.0,,42.64558,-73.75928,2.0,1.0,1.0,1.0,1.0,365,1.0,2.0,1125,1125,1.3,1125.0,,29,50,50,262,57.0,10.0,1.0,103,14.0,60,5880.0,4.6,4.79,4.68,4.82,4.88,4.4,4.61,,18.0,2.0,0.0,0,1.54
20250600000000.0,119340359,2.0,2.0,,42.65323,-73.76797,7.0,1.0,3.0,1.0,1.0,365,3.0,2.0,1125,1125,1.3,1125.0,,0,0,0,0,101.0,5.0,0.0,0,27.0,255,0.0,4.97,4.97,5.0,4.97,5.0,4.83,4.93,,2.0,2.0,0.0,0,2.75
20250600000000.0,335923036,3.0,3.0,,42.645351,-73.753647,4.0,1.0,1.0,1.0,1.0,365,1.0,1.0,365,365,1.0,365.0,,30,60,90,364,10.0,0.0,0.0,206,0.0,0,0.0,4.9,4.9,4.3,5.0,5.0,4.8,4.9,,1.0,1.0,0.0,0,0.27
20250600000000.0,353498132,6.0,6.0,,42.64625,-73.75663,2.0,1.0,0.0,1.0,1.0,365,1.0,2.0,365,365,1.3,365.0,,0,0,0,84,8.0,3.0,0.0,0,3.0,84,7560.0,4.75,4.88,4.88,5.0,5.0,4.5,4.63,,6.0,6.0,0.0,0,0.23
20250600000000.0,1761578,4.0,7.0,,42.65389,-73.76538,2.0,1.0,1.0,1.0,2.0,29,2.0,2.0,1125,1125,2.0,1125.0,,0,7,37,216,6.0,3.0,0.0,153,5.0,18,2340.0,5.0,5.0,4.83,4.83,5.0,4.67,4.33,,3.0,3.0,0.0,0,0.22
20250600000000.0,47625981,19.0,19.0,,42.65752,-73.74743,2.0,1.0,1.0,1.0,1.0,365,1.0,2.0,1125,1125,1.3,1125.0,,29,54,84,359,51.0,8.0,0.0,200,15.0,48,4992.0,4.57,4.76,4.61,4.8,4.92,4.57,4.49,,18.0,2.0,0.0,0,1.45
20250600000000.0,30920241,3.0,3.0,,42.65128,-73.7686,2.0,1.0,1.0,3.0,1.0,90,1.0,2.0,1125,1125,1.3,1125.0,,0,0,0,63,1.0,1.0,0.0,0,1.0,56,0.0,5.0,5.0,5.0,5.0,5.0,4.0,5.0,,2.0,2.0,0.0,0,0.09
20250600000000.0,466389096,2.0,2.0,,42.6374547,-73.7716647,4.0,1.0,3.0,3.0,1.0,365,5.0,5.0,1125,1125,5.0,1125.0,,0,7,37,312,5.0,0.0,0.0,153,0.0,0,0.0,5.0,5.0,5.0,5.0,5.0,5.0,5.0,,2.0,2.0,0.0,0,0.14
20250600000000.0,466389096,2.0,2.0,,42.6378819,-73.7715269,4.0,1.0,1.0,3.0,1.0,1125,1.0,7.0,1125,1125,7.0,1125.0,,24,54,84,359,2.0,1.0,0.0,200,1.0,28,3500.0,5.0,5.0,5.0,5.0,5.0,5.0,5.0,,2.0,2.0,0.0,0,0.06
20250600000000.0,439560254,1.0,1.0,,42.65541381,-73.76367521,4.0,1.0,1.0,2.0,2.0,1125,2.0,2.0,1125,1125,2.0,1125.0,,26,51,75,164,103.0,25.0,2.0,164,32.0,150,16350.0,4.9,4.91,4.82,4.95,4.99,4.88,4.83,,1.0,1.0,0.0,0,2.95
20250600000000.0,382970529,16.0,26.0,,42.66758,-73.7992,2.0,1.0,1.0,1.0,1.0,60,1.0,1.0,1125,1125,1.0,1125.0,,14,23,44,44,136.0,34.0,2.0,44,39.0,204,12240.0,4.98,4.98,5.0,4.93,4.98,4.97,4.96,,15.0,4.0,0.0,0,3.85
20250600000000.0,382970529,16.0,26.0,,42.66764,-73.79908,2.0,1.0,1.0,1.0,1.0,60,1.0,2.0,1125,1125,1.1,1125.0,,19,30,51,51,114.0,27.0,2.0,51,29.0,162,11988.0,4.93,4.92,4.96,4.94,4.96,4.96,4.93,,15.0,4.0,0.0,0,3.24
20250600000000.0,203631769,1.0,1.0,,42.64531,-73.75963,4.0,1.0,2.0,2.0,2.0,29,2.0,2.0,29,29,2.0,29.0,,0,0,0,0,28.0,0.0,0.0,0,0.0,0,0.0,4.86,4.86,4.93,4.89,4.89,4.71,4.93,,1.0,1.0,0.0,0,0.82
20250600000000.0,461579260,2.0,2.0,,42.646896,-73.757612,5.0,1.0,2.0,2.0,1.0,365,1.0,3.0,365,365,1.9,365.0,,0,0,0,160,3.0,0.0,0.0,1,1.0,0,0.0,4.9,4.9,4.9,5.0,5.0,4.33,4.9,,2.0,2.0,0.0,0,0.11
20250600000000.0,461579260,2.0,2.0,,42.64621,-73.75723,3.0,1.0,3.0,3.0,1.0,365,1.0,1.0,365,365,1.0,365.0,,0,0,0,0,4.0,0.0,0.0,0,0.0,0,0.0,4.9,4.9,4.9,4.75,5.0,4.8,4.9,,2.0,2.0,0.0,0,0.12
20250600000000.0,1717342,3.0,3.0,,42.65405765,-73.760713,2.0,1.0,1.0,1.0,1.0,21,1.0,3.0,21,21,1.1,21.0,,14,34,53,317,13.5,5.0,0.0,162,4.0,255,21420.0,4.9,4.92,4.92,4.97,4.97,4.89,4.83,,2.0,2.0,0.0,0,1.2
20250600000000.0,67337944,1.0,1.0,,42.6623,-73.777,2.0,1.0,1.0,1.0,1.0,1125,1.0,2.0,1125,1125,1.3,1125.0,,0,0,0,157,104.0,18.0,0.0,0,42.0,255,26520.0,4.81,4.87,4.89,4.83,4.89,4.43,4.74,,1.0,1.0,0.0,0,3.49
20250600000000.0,3650672,1.0,2.0,,42.67075,-73.79704,7.0,1.0,3.0,1.0,3.0,365,1.0,3.0,1125,1125,3.0,1125.0,,13,29,40,156,4.0,4.0,0.0,149,3.0,24,3792.0,5.0,5.0,5.0,5.0,5.0,5.0,5.0,,1.0,1.0,0.0,0,0.38
20250600000000.0,58406953,1.0,1.0,,42.67485,-73.79867,2.0,1.0,1.0,1.0,2.0,1125,1.0,2.0,1125,1125,2.0,1125.0,,0,0,14,85,3.0,1.0,1.0,85,0.0,6,492.0,5.0,5.0,5.0,5.0,5.0,5.0,5.0,,1.0,1.0,0.0,0,0.09
20250600000000.0,353498132,6.0,6.0,,42.64577,-73.7583,2.0,1.0,1.0,1.0,1.0,365,1.0,2.0,365,365,1.3,365.0,,0,3,33,307,8.0,4.0,0.0,149,3.0,104,11336.0,4.88,5.0,5.0,5.0,4.75,4.8,5.0,,6.0,6.0,0.0,0,0.27
20250600000000.0,232967878,24.0,5.0,,42.67261,-73.79262,4.0,1.0,2.0,0.0,1.0,730,1.0,1.0,730,730,1.0,730.0,,29,29,29,29,65.0,30.0,1.0,29,29.0,180,24660.0,4.88,4.95,4.98,4.94,4.92,4.86,4.88,,3.0,2.0,0.0,0,2.04
20250600000000.0,10279606,3.0,3.0,,42.65691,-73.78389,2.0,1.0,1.0,1.0,1.0,30,1.0,2.0,30,1125,1.1,774.0,,17,29,52,312,13.5,5.0,4.0,157,4.0,255,4740.0,4.91,4.92,4.89,4.97,4.94,4.63,4.82,,3.0,3.0,0.0,0,1.2
20250600000000.0,360287870,1.0,1.0,,42.6513719,-73.7673156,2.0,1.0,1.0,1.0,2.0,130,2.0,2.0,130,130,2.0,130.0,,6,14,44,310,64.0,31.0,2.0,152,37.0,186,18786.0,4.98,5.0,4.97,5.0,5.0,4.61,4.97,,1.0,1.0,0.0,0,2.97
20250600000000.0,502037254,4.0,4.0,,42.65035,-73.76549,2.0,1.0,1.0,1.0,1.0,365,1.0,2.0,365,365,1.3,365.0,,4,18,48,295,1.0,0.0,0.0,136,0.0,0,0.0,5.0,5.0,5.0,5.0,5.0,5.0,5.0,,3.0,3.0,0.0,0,0.04
20250600000000.0,44434571,11.0,13.0,,42.64564,-73.75261,4.0,1.0,1.0,1.0,1.0,365,1.0,3.0,1125,1125,2.2,1125.0,,6,23,53,327,79.0,29.0,2.0,169,37.0,174,13920.0,4.68,4.81,4.66,4.73,4.85,4.51,4.72,,9.0,9.0,0.0,0,2.49
20250600000000.0,232967878,24.0,5.0,,42.66069,-73.78555,6.0,1.0,1.0,1.0,1.0,1125,1.0,1.0,1125,1125,1.0,1125.0,,8,8,8,8,46.0,8.0,0.0,8,12.0,48,7536.0,4.61,4.54,4.74,4.65,4.83,4.3,4.57,,3.0,2.0,0.0,0,1.47
20250600000000.0,98744672,8.0,8.0,,42.6543178,-73.7818222,1.0,1.0,1.0,1.0,2.0,1125,2.0,2.0,1125,1125,2.0,1125.0,,14,41,71,346,38.0,14.0,2.0,187,16.0,84,5040.0,4.97,5.0,5.0,4.97,5.0,4.92,4.95,,8.0,2.0,0.0,0,1.19
20250600000000.0,484673863,3.0,3.0,,42.65569,-73.77685,2.0,1.0,1.0,1.0,2.0,365,1.0,2.0,365,365,1.7,365.0,,5,24,54,329,17.0,11.0,1.0,170,7.0,66,5940.0,4.71,4.82,4.47,4.71,4.82,4.71,4.59,,3.0,3.0,0.0,0,0.57
20250600000000.0,65414985,2.0,2.0,,42.6496,-73.76792,2.0,1.0,1.0,1.0,2.0,1125,2.0,2.0,1125,1125,2.0,1125.0,,16,36,66,341,32.0,19.0,3.0,182,17.0,114,8778.0,4.97,5.0,4.94,4.97,5.0,4.84,4.97,,2.0,2.0,0.0,0,1.22
20250600000000.0,255839958,1.0,1.0,,42.64284,-73.77997,4.0,1.0,2.0,2.0,1.0,30,1.0,1.0,1125,1125,1.0,1125.0,,0,0,0,251,17.0,1.0,0.0,92,6.0,6,642.0,4.65,4.82,4.88,4.59,4.82,4.65,4.82,,1.0,1.0,0.0,0,0.55
20250600000000.0,486073806,1.0,1.0,,42.66648,-73.76831,4.0,1.0,2.0,2.0,2.0,1125,2.0,2.0,1125,1125,2.0,1125.0,,24,47,77,351,27.0,8.0,0.0,193,13.0,48,5520.0,4.96,4.96,4.96,5.0,5.0,4.44,4.93,,1.0,1.0,0.0,0,0.96
20250600000000.0,258664571,2.0,2.0,,42.64439385,-73.75975702,4.0,1.0,2.0,2.0,2.0,1125,2.0,2.0,1125,1125,2.0,1125.0,,11,31,57,332,84.0,31.0,1.0,173,45.0,186,29016.0,4.82,4.89,4.85,4.93,4.96,4.58,4.79,,2.0,2.0,0.0,0,3.02
20250600000000.0,258664571,2.0,2.0,,42.6444412,-73.7597141,4.0,1.0,2.0,2.0,2.0,365,2.0,2.0,1125,1125,2.0,1125.0,,24,48,76,351,88.0,45.0,2.0,192,4.0,255,24735.0,4.81,4.8,4.83,4.91,4.89,4.63,4.78,,2.0,2.0,0.0,0,3.36
20250600000000.0,69729286,2.0,2.0,,42.65259,-73.76732,1.0,1.0,1.0,1.0,5.0,365,5.0,5.0,365,365,5.0,365.0,,13,34,59,231,17.0,2.0,0.0,168,3.0,20,940.0,4.94,4.88,4.71,4.94,5.0,4.88,4.88,,2.0,0.0,2.0,0,0.57
20250600000000.0,188679144,9.0,9.0,,42.65534,-73.76461,2.0,1.0,1.0,1.0,1.0,365,1.0,7.0,365,365,7.0,365.0,,0,0,0,158,14.0,2.0,0.0,0,4.0,28,1820.0,5.0,4.86,4.93,5.0,4.93,5.0,4.79,,8.0,8.0,0.0,0,0.45
20250600000000.0,232967878,24.0,5.0,,42.67261,-73.79262,4.0,1.0,2.0,2.0,2.0,365,2.0,2.0,365,365,2.0,365.0,,16,16,16,16,51.0,20.0,2.0,16,20.0,120,16800.0,4.96,4.96,4.84,4.98,4.9,4.92,4.88,,3.0,2.0,0.0,0,1.83
20250600000000.0,37769478,14.0,15.0,,42.65405,-73.76953,2.0,1.0,1.0,1.0,1.0,1125,1.0,1.0,1,1125,1.0,547.2,,11,12,12,262,45.0,12.0,0.0,104,24.0,72,7056.0,4.91,4.91,4.84,4.98,5.0,4.84,4.89,,11.0,11.0,0.0,0,1.49
20250600000000.0,6203319,2.0,3.0,,42.66117,-73.79091,1.0,1.0,1.0,1.0,1.0,10,1.0,1.0,10,10,1.0,10.0,,5,25,54,54,31.0,20.0,0.0,54,22.0,120,9240.0,5.0,4.97,4.94,4.97,5.0,4.94,5.0,,2.0,0.0,2.0,0,1.01
20250600000000.0,48328222,1.0,1.0,,42.6631926,-73.8153245,4.0,1.0,2.0,1.0,1.0,31,1.0,1.0,31,31,1.0,31.0,,0,0,0,0,12.0,12.0,2.0,0,6.0,72,6426.0,4.83,5.0,5.0,5.0,4.92,5.0,4.92,,1.0,1.0,0.0,0,1.49
20250600000000.0,261036923,1.0,1.0,,42.6601,-73.80719,2.0,1.0,1.0,1.0,1.0,90,5.0,5.0,90,90,5.0,90.0,,16,41,71,250,62.0,17.0,2.0,187,21.0,102,6426.0,4.89,4.94,4.9,4.98,4.98,4.95,4.87,,1.0,1.0,0.0,0,2.09
20250600000000.0,491907850,1.0,1.0,,42.66298,-73.81361,1.0,1.0,1.0,1.0,1.0,5,1.0,1.0,5,5,1.0,5.0,,14,35,64,64,18.0,5.0,2.0,64,4.0,30,1380.0,4.78,4.83,4.78,4.78,4.78,4.78,4.78,,1.0,0.0,1.0,0,0.64
20250600000000.0,188679144,9.0,9.0,,42.65653,-73.76223,2.0,1.0,1.0,1.0,1.0,365,1.0,1.0,365,365,1.0,365.0,,29,57,87,361,3.0,0.0,0.0,203,1.0,0,0.0,5.0,5.0,5.0,5.0,5.0,4.33,5.0,,8.0,8.0,0.0,0,0.13
20250600000000.0,444163492,1.0,3.0,,42.67996,-73.75352,2.0,1.0,1.0,1.0,1.0,365,1.0,2.0,365,365,1.3,365.0,,0,0,0,0,13.0,0.0,0.0,0,4.0,0,1792.0,4.69,4.46,4.77,4.92,5.0,4.92,4.46,,1.0,1.0,0.0,0,0.46
20250600000000.0,188679144,9.0,9.0,,42.65322,-73.76249,2.0,1.0,1.0,1.0,1.0,365,1.0,7.0,365,365,7.0,365.0,,30,52,82,356,4.0,1.0,0.0,198,3.0,14,1792.0,4.5,4.9,4.25,4.75,5.0,5.0,4.5,,8.0,8.0,0.0,0,0.19
20250600000000.0,253824490,1.0,2.0,,42.65915031,-73.75431933,4.0,1.0,1.0,1.0,2.0,1125,2.0,2.0,1125,1125,2.0,1125.0,,3,3,17,253,36.0,3.0,0.0,133,5.0,18,1548.0,4.75,4.89,4.86,4.86,4.86,4.25,4.64,,1.0,1.0,0.0,0,1.26
20250600000000.0,349460842,17.0,17.0,,42.6653,-73.7943,2.0,1.0,3.0,1.0,1.0,365,1.0,1.0,1125,1125,1.0,1125.0,,15,36,66,341,110.0,46.0,3.0,182,4.0,255,4740.0,4.95,4.95,4.95,4.92,4.94,4.79,4.88,,17.0,4.0,0.0,0,3.96
20250600000000.0,232967878,24.0,5.0,,42.64409,-73.75709,4.0,1.0,2.0,0.0,1.0,365,1.0,1.0,365,365,1.0,365.0,,0,0,0,0,67.0,20.0,1.0,0,25.0,120,15360.0,4.82,4.82,4.9,4.9,4.84,4.18,4.76,,3.0,2.0,0.0,0,2.26
20250600000000.0,20144241,2.0,2.0,,42.67283,-73.77367,6.0,1.0,3.0,3.0,3.0,1125,3.0,3.0,1125,1125,3.0,1125.0,,18,36,59,297,14.0,7.0,0.0,152,7.0,42,3822.0,4.43,4.79,4.93,4.86,4.93,4.8,4.64,,1.0,1.0,0.0,0,0.56
20250600000000.0,493882819,7.0,7.0,,42.656329,-73.7752048,2.0,1.0,1.0,1.0,1.0,365,1.0,1.0,1125,1125,1.0,1125.0,,10,18,42,144,5.0,3.0,0.0,144,4.0,18,14778.0,4.6,4.8,4.4,5.0,4.6,4.6,5.0,,6.0,1.0,5.0,0,0.22
20250600000000.0,493882819,7.0,7.0,,42.65582,-73.77541,2.0,1.0,1.0,1.0,1.0,365,1.0,1.0,1125,1125,1.0,1125.0,,20,37,65,173,12.0,4.0,0.0,173,7.0,24,1008.0,4.58,4.83,4.75,5.0,5.0,4.92,4.67,,6.0,1.0,5.0,0,0.52
20250600000000.0,89705052,2.0,9.0,,42.65741,-73.78034,2.0,1.0,1.0,1.0,2.0,29,2.0,7.0,1125,1125,2.1,1125.0,,27,57,87,111,14.0,3.0,0.0,111,4.0,18,1008.0,4.93,5.0,5.0,4.86,4.93,4.93,4.93,,2.0,0.0,2.0,0,0.49
20250600000000.0,493882819,7.0,7.0,,42.65751,-73.77409,2.0,1.0,1.0,1.0,1.0,365,1.0,1.0,1125,1125,1.0,1125.0,,19,37,65,178,6.0,1.0,0.0,178,2.0,6,978.0,4.33,4.83,4.5,4.67,5.0,4.67,4.9,,6.0,1.0,5.0,0,0.27
20250600000000.0,21886921,2.0,5.0,,42.66691,-73.79338,6.0,1.0,3.0,3.0,1.0,365,1.0,2.0,365,365,1.3,365.0,,14,26,56,330,3.0,2.0,0.0,172,2.0,56,7000.0,5.0,5.0,5.0,5.0,5.0,5.0,5.0,,2.0,2.0,0.0,0,0.12
20250600000000.0,265709295,2.0,2.0,,42.6702921,-73.7907283,2.0,1.0,3.0,1.0,1.0,730,1.0,1.0,730,730,1.0,730.0,,11,22,45,308,20.0,14.0,2.0,152,8.0,84,12264.0,5.0,4.9,5.0,4.95,4.95,4.95,5.0,,2.0,2.0,0.0,0,1.35
20250600000000.0,493882819,7.0,7.0,,42.656329,-73.775205,2.0,1.0,1.0,2.0,1.0,365,1.0,1.0,1125,1125,1.0,1125.0,,20,40,68,177,6.0,2.0,0.0,177,3.0,12,1584.0,4.67,4.83,4.83,4.67,4.67,4.5,4.83,,6.0,1.0,5.0,0,0.26
20250600000000.0,493882819,7.0,7.0,,42.656329,-73.775205,2.0,1.0,1.0,1.0,1.0,365,1.0,1.0,1125,1125,1.0,1125.0,,20,34,62,174,9.0,2.0,0.0,174,5.0,12,1536.0,4.44,4.56,4.67,4.78,5.0,4.22,4.9,,6.0,1.0,5.0,0,0.39
20250600000000.0,172658781,2.0,4.0,,42.65613972,-73.79212238,4.0,1.0,2.0,2.0,1.0,365,1.0,2.0,365,365,1.3,365.0,,0,0,20,109,1.0,1.0,0.0,109,0.0,60,5160.0,5.0,5.0,5.0,5.0,5.0,4.0,5.0,,2.0,2.0,0.0,0,0.81
20250600000000.0,116935236,5.0,5.0,,42.67144,-73.79033,2.0,1.0,1.0,1.0,1.0,365,1.0,7.0,365,365,7.0,365.0,,22,52,82,356,17.0,7.0,1.0,198,2.0,98,4410.0,4.82,4.82,4.88,4.71,4.76,4.82,4.82,,5.0,0.0,5.0,0,0.75
20250600000000.0,37769478,14.0,15.0,,42.65258,-73.76917,2.0,1.0,1.0,1.0,1.0,1125,1.0,1.0,365,1125,1.0,387.9,,18,44,74,348,40.0,10.0,1.0,190,6.0,60,5520.0,4.73,4.83,4.75,4.73,4.93,4.8,4.8,,11.0,11.0,0.0,0,1.41
20250600000000.0,177073982,2.0,2.0,,42.66109,-73.80479,1.0,1.0,1.0,1.0,2.0,1125,2.0,2.0,1125,1125,2.0,1125.0,,0,0,0,250,3.0,0.0,0.0,92,0.0,0,0.0,5.0,5.0,5.0,5.0,5.0,5.0,5.0,,2.0,0.0,2.0,0,0.11
20250600000000.0,500360485,2.0,2.0,,42.65184,-73.77074,6.0,1.0,3.0,2.0,1.0,80,1.0,7.0,80,80,7.0,80.0,,0,0,0,0,0.0,0.0,0.0,0,0.0,0,8190.0,4.56,4.56,4.53,4.72,4.78,4.63,4.63,,1.0,1.0,0.0,0,1.14
20250600000000.0,484673863,3.0,3.0,,42.65613,-73.77469,5.0,1.0,2.0,2.0,1.0,365,1.0,1.0,365,365,1.0,365.0,,26,46,74,348,32.0,15.0,2.0,190,4.0,90,8190.0,4.56,4.56,4.53,4.72,4.78,4.63,4.63,,3.0,3.0,0.0,0,1.14
20250600000000.0,210596861,1.0,1.0,,42.67076,-73.82612,2.0,1.0,1.0,1.0,2.0,28,2.0,2.0,1125,1125,2.0,1125.0,,19,38,68,330,103.0,40.0,4.0,175,44.0,240,4740.0,4.94,4.95,4.92,5.0,4.96,4.88,4.86,,1.0,1.0,0.0,0,3.76
20250600000000.0,462042479,2.0,2.0,,42.66008,-73.76977,4.0,1.0,2.0,2.0,3.0,365,3.0,3.0,365,365,3.0,365.0,,30,52,82,356,6.0,2.0,0.0,198,5.0,12,1644.0,4.33,4.5,4.5,5.0,4.83,4.8,4.9,,2.0,2.0,0.0,0,0.28
20250600000000.0,462042479,2.0,2.0,,42.65987,-73.77025,4.0,1.0,2.0,2.0,3.0,365,3.0,3.0,365,365,3.0,365.0,,30,53,83,357,12.0,0.0,0.0,199,0.0,0,0.0,4.5,4.83,4.67,5.0,4.92,4.8,4.9,,2.0,2.0,0.0,0,0.5
20250600000000.0,188679144,9.0,9.0,,42.65483,-73.76353,4.0,1.0,3.0,2.0,1.0,365,1.0,1.0,365,365,1.0,365.0,,8,33,63,337,2.0,0.0,0.0,179,0.0,0,0.0,4.9,4.9,4.9,5.0,5.0,5.0,4.9,,8.0,8.0,0.0,0,0.07
20250600000000.0,268741708,1.0,2.0,,42.63504,-73.79833,2.0,1.0,1.0,1.0,2.0,30,1.0,2.0,1125,1125,1.4,1125.0,,11,20,38,159,116.0,5.0,0.0,116,49.0,255,4740.0,4.97,4.97,4.96,4.97,4.98,4.84,4.89,,1.0,1.0,0.0,0,4.31
20250600000000.0,49372011,1.0,2.0,,42.67336,-73.78619,7.0,1.0,3.0,3.0,3.0,1125,3.0,3.0,1125,1125,3.0,1125.0,,0,0,0,158,19.0,4.0,0.0,0,7.0,24,5304.0,4.68,4.79,4.74,4.68,4.84,4.42,4.68,,1.0,1.0,0.0,0,0.72
20250600000000.0,1761578,4.0,7.0,,42.65432,-73.76531,4.0,1.0,2.0,0.0,2.0,28,2.0,2.0,28,28,2.0,28.0,,0,0,0,155,2.0,1.0,0.0,92,1.0,6,1620.0,5.0,5.0,5.0,5.0,5.0,5.0,5.0,,3.0,3.0,0.0,0,0.13
20250600000000.0,120815848,1.0,1.0,,42.6446,-73.75885,3.0,1.0,1.0,2.0,1.0,30,1.0,1.0,1125,1125,1.0,1125.0,,20,28,57,327,13.5,5.0,5.0,168,4.0,255,21930.0,4.98,4.96,4.98,4.99,5.0,4.71,4.95,,1.0,0.0,1.0,0,1.2
20250600000000.0,20536619,8.0,8.0,,42.67177,-73.79464,1.0,1.0,1.0,1.0,4.0,89,4.0,5.0,89,89,4.0,89.0,,3,3,3,85,16.0,10.0,1.0,85,8.0,80,4880.0,5.0,5.0,5.0,4.94,5.0,4.88,4.88,,8.0,1.0,0.0,0,0.71
20250600000000.0,60293220,3.0,3.0,,42.65817,-73.74935,2.0,1.0,1.0,1.0,2.0,365,3.0,4.0,365,365,3.7,365.0,,25,43,73,347,22.0,8.0,1.0,189,8.0,48,4272.0,4.82,4.82,4.77,4.91,4.91,4.64,4.86,,3.0,3.0,0.0,0,0.88
20250600000000.0,177073982,2.0,2.0,,42.66128,-73.80548,1.0,1.0,1.0,1.0,3.0,1125,2.0,2.0,1125,1125,2.0,1125.0,,0,0,6,280,4.0,0.0,0.0,122,2.0,0,0.0,5.0,5.0,5.0,5.0,5.0,5.0,5.0,,2.0,0.0,2.0,0,0.19
20250600000000.0,37769478,14.0,15.0,,42.65379,-73.76901,2.0,1.0,1.0,1.0,1.0,1125,1.0,1.0,365,1125,1.0,539.9,,0,0,6,280,20.0,12.0,0.0,122,7.0,72,7200.0,4.85,4.85,4.75,4.9,5.0,4.95,4.75,,11.0,11.0,0.0,0,0.78
20250600000000.0,512736975,1.0,1.0,,42.6599733,-73.7747433,3.0,1.0,1.0,1.0,2.0,90,2.0,2.0,1125,1125,2.0,1125.0,,22,44,74,253,61.0,18.0,0.0,190,31.0,108,6912.0,4.8,4.85,4.87,4.77,4.87,4.62,4.62,,1.0,1.0,0.0,0,2.43
20250600000000.0,459472925,2.0,2.0,,42.66246,-73.76576,1.0,1.0,1.0,2.0,1.0,1125,1.0,1.0,1125,1125,1.0,1125.0,,23,49,79,353,27.0,8.0,1.0,195,12.0,48,1728.0,4.74,4.7,4.7,4.93,5.0,4.11,4.67,,2.0,0.0,2.0,0,1.1
20250600000000.0,459472925,2.0,2.0,,42.6628771,-73.7653403,2.0,1.0,1.0,1.0,1.0,365,1.0,1.0,365,365,1.0,365.0,,30,52,82,356,29.0,14.0,0.0,198,18.0,84,3864.0,4.83,4.83,4.72,5.0,4.97,4.38,4.83,,2.0,0.0,2.0,0,1.16
20250600000000.0,516414095,1.0,2.0,,42.66087,-73.78655,2.0,1.0,1.0,1.0,2.0,90,2.0,2.0,1125,1125,2.0,1125.0,,28,44,71,250,53.0,14.0,1.0,187,20.0,84,16800.0,4.79,4.87,4.85,4.92,4.91,4.75,4.85,,1.0,1.0,0.0,0,2.2
20250600000000.0,47625981,19.0,19.0,,42.64787,-73.76707,5.0,1.0,2.0,2.0,1.0,365,1.0,2.0,365,365,1.4,365.0,,21,41,71,345,49.0,13.0,0.0,187,26.0,78,10920.0,4.78,4.76,4.73,4.76,4.86,4.61,4.65,,18.0,2.0,0.0,0,2.04
20250600000000.0,349460842,17.0,17.0,,42.66174,-73.78325,1.0,1.0,1.0,1.0,1.0,365,1.0,2.0,365,365,1.3,365.0,,0,0,14,288,0.0,0.0,0.0,130,0.0,0,0.0,5.0,5.0,5.0,5.0,5.0,4.89,4.94,,17.0,4.0,0.0,0,0.74
20250600000000.0,4259750,8.0,13.0,,42.6652959,-73.7868778,5.0,1.0,1.0,2.0,1.0,730,1.0,1.0,730,730,1.0,730.0,,30,60,90,269,18.0,4.0,0.0,206,11.0,24,5736.0,5.0,5.0,5.0,5.0,5.0,4.89,4.94,,8.0,8.0,0.0,0,0.74
20250600000000.0,349460842,17.0,17.0,,42.66217,-73.78299,2.0,1.0,1.0,1.0,1.0,365,1.0,1.0,1125,1125,1.0,1125.0,,28,49,79,353,66.0,34.0,4.0,194,41.0,204,4740.0,4.77,4.88,4.92,4.92,4.92,4.59,4.8,,17.0,4.0,0.0,0,2.84
20250600000000.0,6203319,2.0,3.0,,42.66261,-73.79158,1.0,1.0,1.0,1.0,1.0,10,1.0,1.0,10,10,1.0,10.0,,0,0,0,0,10.0,3.0,0.0,0,3.0,18,0.0,4.9,4.9,4.9,4.9,4.9,4.9,4.9,,2.0,0.0,2.0,0,0.43
20250600000000.0,502751555,1.0,1.0,,42.67292,-73.7776,2.0,1.0,1.0,1.0,1.0,365,1.0,1.0,365,365,1.0,365.0,,30,60,90,364,0.0,0.0,0.0,206,0.0,0,0.0,4.67,4.9,4.67,4.67,5.0,4.8,4.33,,1.0,0.0,1.0,0,0.13
20250600000000.0,521669673,4.0,6.0,,42.6586,-73.75743,2.0,1.0,1.0,1.0,1.0,365,1.0,7.0,365,365,7.0,365.0,,9,39,69,248,3.0,1.0,0.0,185,1.0,28,2884.0,4.67,4.9,4.67,4.67,5.0,4.8,4.33,,3.0,3.0,0.0,0,0.13
20250600000000.0,441054845,3.0,3.0,,42.67066,-73.79571,4.0,1.0,1.0,2.0,1.0,365,1.0,4.0,1125,1125,3.0,1125.0,,9,19,23,180,67.0,38.0,1.0,136,42.0,228,14364.0,4.81,4.88,4.84,4.94,4.94,4.87,4.82,,2.0,2.0,0.0,0,2.95
20250600000000.0,232967878,24.0,5.0,,42.67261,-73.79264,2.0,1.0,1.0,1.0,1.0,365,1.0,1.0,365,365,1.0,365.0,,29,29,29,29,43.0,26.0,1.0,29,35.0,156,22308.0,4.86,4.95,4.98,4.91,4.93,4.77,4.81,,3.0,2.0,0.0,0,1.86
20250600000000.0,232967878,24.0,5.0,,42.67224,-73.79301,4.0,1.0,2.0,0.0,1.0,365,1.0,1.0,365,365,1.0,365.0,,25,25,25,25,41.0,22.0,0.0,25,26.0,132,13992.0,4.63,4.8,4.83,4.71,4.76,4.61,4.71,,3.0,2.0,0.0,0,1.79
20250600000000.0,493882819,7.0,7.0,,42.65655,-73.77434,2.0,1.0,1.0,1.0,1.0,365,1.0,1.0,1125,1125,1.0,1125.0,,0,0,0,0,8.0,3.0,0.0,0,5.0,18,0.0,4.63,4.63,4.88,5.0,5.0,4.88,4.5,,6.0,1.0,5.0,0,0.35
20250600000000.0,526358730,12.0,13.0,,42.65867,-73.77479,2.0,1.0,1.0,1.0,1.0,365,1.0,1.0,365,365,1.0,365.0,,14,33,60,233,2.0,0.0,0.0,173,0.0,0,0.0,5.0,5.0,5.0,5.0,5.0,5.0,5.0,,12.0,1.0,0.0,0,0.09
20250600000000.0,526358730,12.0,13.0,,42.6606,-73.77284,2.0,1.0,1.0,1.0,1.0,1125,1.0,1.0,1125,1125,1.0,1125.0,,19,34,60,233,7.0,2.0,0.0,173,6.0,12,1860.0,5.0,4.86,5.0,5.0,4.86,5.0,4.86,,12.0,1.0,0.0,0,0.34
20250600000000.0,526358730,12.0,13.0,,42.65908,-73.77456,2.0,1.0,1.0,1.0,1.0,365,1.0,1.0,365,365,1.0,365.0,,20,40,68,241,7.0,3.0,0.0,181,2.0,18,2970.0,4.71,5.0,4.86,4.86,4.86,5.0,4.71,,12.0,1.0,0.0,0,0.31
20250600000000.0,526358730,12.0,13.0,,42.66043,-73.77432,2.0,1.0,1.0,1.0,1.0,365,1.0,1.0,365,365,1.0,365.0,,20,38,66,239,2.0,2.0,0.0,179,2.0,12,1980.0,4.5,5.0,5.0,5.0,5.0,4.0,5.0,,12.0,1.0,0.0,0,0.21
20250600000000.0,526358730,12.0,13.0,,42.65847,-73.77272,2.0,1.0,1.0,1.0,1.0,365,1.0,1.0,365,365,1.0,365.0,,20,38,66,239,6.0,4.0,0.0,179,4.0,24,3960.0,4.33,4.9,4.67,5.0,5.0,4.33,4.9,,12.0,1.0,0.0,0,0.3
20250600000000.0,526358730,12.0,13.0,,42.65908,-73.77326,2.0,1.0,1.0,1.0,1.0,365,1.0,1.0,365,365,1.0,365.0,,12,12,30,197,2.0,1.0,0.0,137,1.0,6,0.0,4.9,4.9,4.5,5.0,5.0,4.0,4.9,,12.0,1.0,0.0,0,0.11
20250600000000.0,526358730,12.0,13.0,,42.66003,-73.7732,2.0,1.0,1.0,1.0,1.0,365,1.0,1.0,365,365,1.0,365.0,,21,37,65,238,0.0,0.0,0.0,178,0.0,0,0.0,4.88,4.69,4.69,4.81,4.75,4.88,4.69,,12.0,1.0,0.0,0,0.72
20250600000000.0,526358730,12.0,13.0,,42.65857,-73.7744,2.0,1.0,1.0,1.0,1.0,365,1.0,1.0,365,365,1.0,365.0,,23,40,68,238,0.0,0.0,0.0,178,0.0,0,0.0,4.88,4.69,4.69,4.81,4.75,4.88,4.69,,12.0,1.0,0.0,0,0.72
20250600000000.0,526358730,12.0,13.0,,42.65893,-73.77448,2.0,1.0,1.0,1.0,1.0,365,1.0,1.0,365,365,1.0,365.0,,23,41,69,242,0.0,0.0,0.0,182,0.0,0,0.0,4.88,4.69,4.69,4.81,4.75,4.88,4.69,,12.0,1.0,0.0,0,0.72
20250600000000.0,526358730,12.0,13.0,,42.66037,-73.77327,2.0,1.0,1.0,1.0,1.0,365,1.0,1.0,365,365,1.0,365.0,,21,38,63,236,0.0,0.0,0.0,176,0.0,0,0.0,4.88,4.69,4.69,4.81,4.75,4.88,4.69,,12.0,1.0,0.0,0,0.72
20250600000000.0,526358730,12.0,13.0,,42.65868,-73.77333,2.0,1.0,1.0,1.0,1.0,365,1.0,1.0,365,365,1.0,365.0,,23,44,69,242,0.0,0.0,0.0,182,0.0,0,13146.0,4.88,4.69,4.69,4.81,4.75,4.88,4.69,,12.0,1.0,0.0,0,0.72
20250600000000.0,526358730,12.0,13.0,,42.66036,-73.7729,6.0,1.0,3.0,1.0,1.0,365,1.0,1.0,365,365,1.0,365.0,,21,39,63,217,16.0,7.0,0.0,160,11.0,42,13146.0,4.88,4.69,4.69,4.81,4.75,4.88,4.69,,12.0,1.0,0.0,0,0.72
20250600000000.0,116935236,5.0,5.0,,42.6708367,-73.7853116,1.0,1.0,1.0,1.0,1.0,365,1.0,7.0,365,365,7.0,365.0,,27,57,87,362,25.0,11.0,0.0,203,15.0,154,7700.0,4.84,4.92,4.76,4.92,5.0,4.96,4.88,,5.0,0.0,5.0,0,1.09
20250600000000.0,116935236,5.0,5.0,,42.66974,-73.78611,1.0,1.0,1.0,1.0,5.0,365,2.0,5.0,365,365,5.0,365.0,,1,28,58,332,34.0,14.0,1.0,174,23.0,140,5460.0,5.0,4.97,4.82,4.85,4.97,4.97,4.91,,5.0,0.0,5.0,0,1.48
20250600000000.0,132766782,3.0,3.0,,42.67398,-73.79126,4.0,1.0,2.0,2.0,3.0,365,3.0,3.0,365,365,3.0,365.0,,29,59,89,268,9.0,7.0,0.0,205,8.0,42,6804.0,5.0,5.0,5.0,4.78,5.0,4.89,4.89,,1.0,1.0,0.0,0,0.65
20250600000000.0,172539578,4.0,4.0,,42.68001107,-73.81705996,2.0,1.0,1.0,1.0,3.0,365,3.0,3.0,365,365,3.0,365.0,,0,9,38,38,6.0,3.0,0.0,38,3.0,18,1044.0,5.0,5.0,5.0,5.0,5.0,5.0,4.83,,4.0,1.0,3.0,0,0.27
20250600000000.0,116935236,5.0,5.0,,42.67034,-73.7851,2.0,1.0,1.0,1.0,1.0,365,1.0,7.0,365,365,7.0,365.0,,0,0,23,297,19.0,12.0,1.0,139,17.0,168,9072.0,5.0,5.0,5.0,5.0,5.0,5.0,5.0,,5.0,0.0,5.0,0,1.11
20250600000000.0,1717342,3.0,3.0,,42.6541815,-73.7608605,4.0,1.0,2.0,2.0,1.0,30,1.0,3.0,1125,1125,1.1,1125.0,,15,24,47,304,13.5,5.0,4.0,146,4.0,255,26520.0,4.92,4.96,4.89,4.97,4.98,4.92,4.9,,2.0,2.0,0.0,0,1.2
20250600000000.0,529844022,1.0,2.0,,42.63855,-73.76927,4.0,1.0,3.0,2.0,1.0,365,1.0,1.0,365,365,1.0,365.0,,0,0,0,0,0.0,0.0,0.0,0,0.0,0,32130.0,4.98,4.96,4.97,4.98,4.97,4.91,4.93,,1.0,1.0,0.0,0,5.36
20250600000000.0,217254883,1.0,1.0,,42.6549886,-73.7939094,4.0,1.0,2.0,2.0,1.0,365,1.0,1.0,1125,1125,1.0,1125.0,,13,13,13,88,118.0,5.0,4.0,25,4.0,255,32130.0,4.98,4.96,4.97,4.98,4.97,4.91,4.93,,1.0,1.0,0.0,0,5.36
20250600000000.0,172539578,4.0,4.0,,42.6789628,-73.81724462,3.0,1.0,1.0,2.0,3.0,365,3.0,3.0,365,365,3.0,365.0,,0,0,0,246,19.0,12.0,0.0,88,18.0,72,8352.0,4.84,4.84,4.74,5.0,4.79,4.95,4.68,,4.0,1.0,3.0,0,1.01
20250600000000.0,189586864,1.0,1.0,,42.65241,-73.77002,2.0,1.0,1.0,1.0,1.0,1125,1.0,1.0,1125,1125,1.0,1125.0,,26,48,78,352,100.0,5.0,3.0,194,4.0,255,22695.0,4.86,4.91,4.8,4.91,4.91,4.71,4.8,,1.0,1.0,0.0,0,4.61
20250600000000.0,533703131,2.0,2.0,,42.65665876,-73.7493968,4.0,1.0,2.0,2.0,1.0,365,1.0,1.0,365,365,1.0,365.0,,0,0,0,0,6.0,6.0,1.0,0,0.0,36,4740.0,5.0,5.0,5.0,5.0,5.0,5.0,5.0,,1.0,1.0,0.0,0,2.9
20250600000000.0,374765317,1.0,1.0,,42.67059,-73.81678,4.0,1.0,2.0,2.0,1.0,365,2.0,2.0,365,365,1.3,365.0,,19,24,54,144,21.0,14.0,0.0,144,17.0,255,4740.0,4.9,4.9,5.0,4.9,4.95,4.81,4.76,,1.0,1.0,0.0,0,1.01
20250600000000.0,382970529,16.0,26.0,,42.66877,-73.79927,2.0,1.0,1.0,1.0,1.0,365,1.0,1.0,1125,1125,1.0,1125.0,,4,16,46,320,123.0,5.0,0.0,162,4.0,255,14025.0,4.86,4.94,4.96,4.87,4.92,4.93,4.86,,15.0,4.0,0.0,0,1.2
20250600000000.0,241123402,1.0,7.0,,42.65312775,-73.76950465,2.0,1.0,2.0,3.0,1.0,365,1.0,1.0,1125,1125,1.0,1125.0,,10,18,38,300,25.0,14.0,2.0,144,17.0,84,7644.0,4.96,5.0,4.92,4.84,4.88,4.96,5.0,,1.0,1.0,0.0,0,1.24
20250600000000.0,114183978,1.0,1.0,,42.66628,-73.76512,4.0,1.0,2.0,1.0,2.0,28,2.0,2.0,28,28,2.0,28.0,,24,47,76,76,4.0,0.0,0.0,76,3.0,0,0.0,4.9,4.9,4.9,5.0,5.0,4.8,4.9,,1.0,1.0,0.0,0,0.2
20250600000000.0,75667477,1.0,1.0,,42.65515516,-73.76052583,3.0,1.0,1.0,2.0,1.0,180,1.0,2.0,180,180,1.3,180.0,,4,9,39,218,7.0,5.0,0.0,155,3.0,255,19635.0,5.0,5.0,5.0,5.0,5.0,5.0,5.0,,1.0,1.0,0.0,0,0.34
20250600000000.0,152762198,9.0,17.0,,42.67098,-73.80695,4.0,1.0,2.0,2.0,3.0,365,3.0,3.0,1125,1125,3.0,1125.0,,3,30,60,239,18.0,6.0,1.0,176,11.0,36,3600.0,4.83,4.83,4.89,4.94,5.0,4.83,4.83,,9.0,9.0,0.0,0,0.88
20250600000000.0,476189412,1.0,5.0,,42.64485687,-73.77281881,2.0,1.0,1.0,1.0,2.0,365,1.0,2.0,1125,1125,2.0,1125.0,,13,31,38,45,9.0,3.0,3.0,38,6.0,18,3996.0,4.89,4.78,4.89,5.0,5.0,4.67,4.89,,1.0,1.0,0.0,0,0.55
20250600000000.0,309980121,1.0,3.0,,42.65623,-73.7641152,6.0,1.0,3.0,1.0,1.0,27,1.0,7.0,27,27,7.0,27.0,,0,0,0,0,12.0,0.0,0.0,0,7.0,0,12960.0,5.0,5.0,4.92,4.92,5.0,4.83,5.0,,1.0,1.0,0.0,0,0.6
20250600000000.0,531209536,2.0,2.0,,42.65762,-73.75116,2.0,1.0,1.0,1.0,1.0,120,1.0,2.0,1125,1125,1.4,1125.0,,12,30,52,191,35.0,24.0,3.0,136,27.0,144,12960.0,4.94,4.91,4.86,4.94,4.86,4.8,4.86,,2.0,2.0,0.0,0,1.75
20250600000000.0,31318080,1.0,1.0,,42.6555,-73.81066,6.0,1.0,3.0,3.0,2.0,21,2.0,2.0,1125,1125,2.0,1125.0,,17,30,56,223,55.0,45.0,5.0,160,41.0,255,4740.0,5.0,4.98,4.98,5.0,5.0,4.96,5.0,,1.0,1.0,0.0,0,3.44
20250600000000.0,44434571,11.0,13.0,,42.6453489,-73.7536465,2.0,1.0,1.0,1.0,1.0,365,1.0,3.0,1125,1125,2.2,1125.0,,22,38,68,342,64.0,44.0,4.0,184,39.0,255,4740.0,4.81,4.86,4.84,4.86,4.91,4.53,4.77,,9.0,9.0,0.0,0,3.25
20250600000000.0,232967878,24.0,5.0,,42.66091,-73.78453,6.0,1.0,1.0,1.0,1.0,365,1.0,1.0,365,365,1.0,365.0,,0,0,0,0,37.0,16.0,2.0,0,26.0,96,10098.0,4.78,4.84,4.89,4.92,4.86,4.51,4.81,,3.0,2.0,0.0,0,1.9
20250600000000.0,382970529,16.0,26.0,,42.67003,-73.79771,1.0,1.0,1.0,1.0,1.0,365,1.0,1.0,1125,1125,1.0,1125.0,,0,0,22,296,64.0,33.0,4.0,138,41.0,198,10098.0,4.86,4.86,4.91,4.88,4.89,4.89,4.84,,15.0,4.0,0.0,0,3.28
20250600000000.0,382970529,16.0,26.0,,42.66971,-73.79755,1.0,1.0,1.0,1.0,1.0,365,1.0,1.0,1125,1125,1.0,1125.0,,26,53,79,353,70.0,41.0,5.0,195,40.0,246,12546.0,4.87,4.8,4.91,4.81,4.86,4.9,4.83,,15.0,4.0,0.0,0,3.6
20250600000000.0,382970529,16.0,26.0,,42.66989925,-73.79770311,2.0,1.0,1.0,1.0,1.0,35,1.0,1.0,35,35,1.0,35.0,,0,0,22,293,0.0,0.0,0.0,135,0.0,0,0.0,5.0,5.0,4.95,5.0,5.0,4.95,4.95,,15.0,4.0,0.0,0,1.13
20250600000000.0,382970529,16.0,26.0,,42.66873,-73.7993,2.0,1.0,1.0,1.0,1.0,365,1.0,2.0,1125,1125,1.1,1125.0,,0,16,46,317,22.0,6.0,0.0,159,10.0,36,2124.0,5.0,5.0,4.95,5.0,5.0,4.95,4.95,,15.0,4.0,0.0,0,1.13
20250600000000.0,182509542,1.0,2.0,,42.6558992,-73.7965699,2.0,1.0,1.0,1.0,1.0,365,1.0,1.0,365,365,1.0,365.0,,6,31,60,60,0.0,0.0,0.0,60,0.0,0,0.0,4.71,4.78,4.61,4.8,4.83,4.78,4.73,,1.0,0.0,1.0,0,2.11
20250600000000.0,42708277,8.0,9.0,,42.65539,-73.76416,3.0,1.0,0.0,1.0,1.0,365,1.0,2.0,1125,1125,1.8,1125.0,,22,33,33,33,41.0,29.0,0.0,33,27.0,174,12180.0,4.71,4.78,4.61,4.8,4.83,4.78,4.73,,7.0,7.0,0.0,0,2.11
20250600000000.0,528617680,2.0,3.0,,42.6459,-73.75828,4.0,1.0,2.0,2.0,1.0,1125,1.0,1.0,1125,1125,1.0,1125.0,,3,14,40,40,1.0,1.0,0.0,40,0.0,6,612.0,5.0,5.0,4.9,5.0,5.0,4.0,5.0,,2.0,1.0,1.0,0,0.22
20250600000000.0,382970529,16.0,26.0,,42.66792031,-73.79895761,2.0,1.0,1.0,1.0,1.0,365,1.0,1.0,365,365,1.0,365.0,,24,45,74,253,16.0,0.0,0.0,190,8.0,0,0.0,5.0,5.0,4.94,5.0,5.0,4.94,5.0,,15.0,4.0,0.0,0,0.84
20250600000000.0,382970529,16.0,26.0,,42.66996,-73.79816,2.0,1.0,1.0,1.0,1.0,365,1.0,1.0,365,365,1.0,365.0,,27,48,76,350,86.0,48.0,5.0,192,4.0,255,17085.0,4.93,4.93,4.9,4.95,4.97,4.92,4.98,,15.0,4.0,0.0,0,4.48
20250600000000.0,37769478,14.0,15.0,,42.6535,-73.77046,2.0,1.0,1.0,1.0,1.0,1125,1.0,1.0,365,1125,1.0,371.2,,24,44,74,348,61.0,33.0,1.0,190,48.0,198,15642.0,4.75,4.87,4.59,4.93,4.95,4.9,4.74,,11.0,11.0,0.0,0,3.22
20250600000000.0,233515764,6.0,6.0,,42.64714,-73.75466,2.0,1.0,0.0,1.0,1.0,14,1.0,1.0,14,14,1.0,14.0,,19,33,63,237,142.0,5.0,5.0,174,4.0,255,16575.0,4.64,4.79,4.79,4.85,4.83,3.87,4.56,,6.0,6.0,0.0,0,1.2
20250600000000.0,47625981,19.0,19.0,,42.6586,-73.76421,3.0,1.0,1.0,1.0,1.0,365,1.0,1.0,365,365,1.0,365.0,,25,47,77,193,21.0,16.0,1.0,193,15.0,96,10272.0,4.76,4.71,4.67,5.0,4.81,4.14,4.57,,18.0,2.0,0.0,0,1.12
20250600000000.0,47625981,19.0,19.0,,42.65971,-73.76382,3.0,1.0,1.0,1.0,1.0,365,1.0,2.0,1125,1125,1.3,1125.0,,28,51,81,355,29.0,17.0,1.0,197,24.0,102,10914.0,4.59,4.76,4.79,4.66,4.72,4.1,4.72,,18.0,2.0,0.0,0,1.57
20250600000000.0,496990578,3.0,3.0,,42.66838,-73.77868,6.0,1.0,3.0,3.0,1.0,1125,1.0,1.0,1125,1125,1.0,1125.0,,1,3,11,11,83.0,5.0,3.0,11,4.0,255,29580.0,4.86,4.82,4.83,4.95,4.95,4.39,4.81,,1.0,1.0,0.0,0,4.49
20250600000000.0,130404008,3.0,3.0,,42.65711,-73.75133,4.0,1.0,2.0,2.0,1.0,365,1.0,2.0,365,365,1.3,365.0,,3,10,39,39,2.0,2.0,0.0,39,2.0,56,5096.0,4.5,4.5,4.9,5.0,5.0,5.0,4.5,,1.0,1.0,0.0,0,0.19
20250600000000.0,42708277,8.0,9.0,,42.65447,-73.76078,3.0,1.0,0.0,1.0,1.0,365,1.0,1.0,1125,1125,1.0,1125.0,,23,50,50,50,48.0,29.0,0.0,50,40.0,174,11658.0,4.79,4.75,4.6,4.83,4.85,4.88,4.73,,7.0,7.0,0.0,0,2.74
20250600000000.0,212885959,1.0,2.0,,42.63976,-73.75705,4.0,1.0,2.0,2.0,1.0,1125,1.0,1.0,1125,1125,1.0,1125.0,,25,45,68,68,19.0,10.0,0.0,68,18.0,60,6900.0,4.9,4.9,4.53,4.79,4.74,4.05,4.37,,1.0,1.0,0.0,0,1.18
20250600000000.0,31994990,3.0,3.0,,42.64478,-73.7764,2.0,1.0,1.0,1.0,1.0,90,1.0,2.0,90,90,1.3,90.0,,0,0,0,125,1.0,1.0,0.0,62,1.0,56,2968.0,5.0,5.0,5.0,5.0,5.0,5.0,5.0,,2.0,2.0,0.0,0,0.12
20250600000000.0,52464523,2.0,2.0,,42.64081,-73.77463,4.0,1.0,2.0,2.0,1.0,365,6.0,2.0,365,365,1.3,365.0,,0,0,0,220,9.0,6.0,0.0,61,6.0,255,29070.0,4.89,5.0,4.78,5.0,5.0,4.78,5.0,,1.0,1.0,0.0,0,0.51
20250600000000.0,553112010,1.0,1.0,,42.7,-73.8,4.0,1.0,1.0,1.0,2.0,365,2.0,2.0,365,365,2.0,365.0,,29,59,89,268,1.0,1.0,0.0,205,1.0,6,606.0,5.0,5.0,5.0,5.0,5.0,5.0,5.0,,1.0,0.0,1.0,0,0.13
20250600000000.0,44434571,11.0,13.0,,42.64418,-73.75316,2.0,1.0,1.0,1.0,1.0,365,1.0,3.0,1125,1125,2.4,1125.0,,6,21,51,325,18.0,13.0,1.0,167,13.0,78,26286.0,4.61,4.72,4.44,4.89,4.67,4.67,4.61,,9.0,9.0,0.0,0,1.14
20250600000000.0,20536619,8.0,8.0,,42.67096,-73.79514,1.0,1.0,1.0,1.0,4.0,89,4.0,4.0,89,89,4.0,89.0,,0,11,41,130,12.0,10.0,0.0,130,10.0,80,4080.0,5.0,5.0,5.0,4.92,5.0,5.0,5.0,,8.0,1.0,0.0,0,0.73
20250600000000.0,31994990,3.0,3.0,,42.64473,-73.77641,2.0,1.0,1.0,1.0,1.0,365,1.0,2.0,365,365,1.3,365.0,,0,0,0,170,2.0,2.0,0.0,11,2.0,80,4240.0,4.5,5.0,5.0,5.0,5.0,4.5,4.5,,2.0,2.0,0.0,0,0.19
20250600000000.0,542733174,1.0,1.0,,42.67908,-73.79505,5.0,1.0,2.0,2.0,2.0,14,2.0,2.0,14,14,2.0,14.0,,5,8,12,121,24.0,14.0,1.0,58,19.0,84,11760.0,4.96,4.96,5.0,4.96,4.75,4.92,4.96,,1.0,1.0,0.0,0,1.46
20250600000000.0,119340359,2.0,2.0,,42.65531,-73.76449,3.0,1.0,1.0,2.0,2.0,365,2.0,2.0,1125,1125,2.0,1125.0,,0,0,0,17,7.0,1.0,0.0,0,6.0,6,870.0,5.0,5.0,5.0,5.0,5.0,4.57,4.86,,2.0,2.0,0.0,0,0.44
20250600000000.0,521669673,4.0,6.0,,42.65975,-73.76311,4.0,1.0,1.0,1.0,1.0,365,1.0,2.0,365,365,1.3,365.0,,29,32,62,241,1.0,1.0,0.0,178,1.0,28,1960.0,5.0,5.0,5.0,5.0,5.0,5.0,5.0,,3.0,3.0,0.0,0,0.15
20250600000000.0,232967878,24.0,5.0,,42.65988,-73.78486,4.0,1.0,2.0,2.0,2.0,365,2.0,2.0,365,365,2.0,365.0,,30,30,30,30,17.0,11.0,1.0,30,15.0,66,8976.0,4.59,4.71,4.53,4.94,4.94,4.41,4.41,,3.0,2.0,0.0,0,1.16
20250600000000.0,232967878,24.0,5.0,,42.64409,-73.75709,2.0,1.0,1.0,0.0,2.0,365,2.0,2.0,365,365,2.0,365.0,,19,19,19,19,64.0,5.0,1.0,19,46.0,255,19380.0,4.83,4.92,4.95,4.91,4.88,4.42,4.8,,3.0,2.0,0.0,0,4.11
20250600000000.0,360806709,1.0,2.0,,42.64149,-73.77925,2.0,1.0,1.0,1.0,1.0,30,1.0,1.0,1125,1125,1.0,1125.0,,0,0,0,0,56.0,5.0,0.0,0,35.0,255,16896.0,4.82,4.77,4.91,4.98,4.98,4.73,4.79,,1.0,1.0,0.0,0,5.44
20250600000000.0,232967878,24.0,5.0,,42.65269,-73.76567,2.0,1.0,0.0,1.0,2.0,365,2.0,2.0,365,365,2.0,365.0,,21,43,48,48,45.0,32.0,0.0,48,34.0,192,16896.0,4.96,4.98,5.0,5.0,4.98,4.78,4.96,,3.0,2.0,0.0,0,2.95
20250600000000.0,152762198,9.0,17.0,,42.67008,-73.80691,5.0,1.0,2.0,2.0,3.0,365,3.0,3.0,365,365,3.0,365.0,,11,24,47,226,28.0,25.0,0.0,163,24.0,150,14100.0,4.86,4.89,4.89,4.93,4.96,4.82,4.79,,9.0,9.0,0.0,0,1.99
20250600000000.0,37769478,14.0,15.0,,42.65289,-73.76834,2.0,1.0,1.0,0.0,1.0,1125,1.0,1.0,365,1125,1.0,387.9,,18,42,72,346,50.0,36.0,1.0,188,38.0,216,19440.0,4.64,4.7,4.58,4.82,4.88,4.78,4.6,,11.0,11.0,0.0,0,3.28
20250600000000.0,14817455,1.0,1.0,,42.65749,-73.75263,4.0,1.0,2.0,2.0,1.0,365,1.0,7.0,365,365,7.0,365.0,,0,0,18,197,0.0,0.0,0.0,134,0.0,0,0.0,4.73,5.0,4.55,5.0,4.91,4.73,4.91,,1.0,1.0,0.0,0,0.74
20250600000000.0,539608284,7.0,7.0,,42.66141,-73.76361,1.0,1.0,1.0,1.0,1.0,365,1.0,2.0,365,365,1.3,365.0,,30,60,90,364,0.0,0.0,0.0,206,0.0,0,0.0,4.73,5.0,4.55,5.0,4.91,4.73,4.91,,1.0,0.0,1.0,0,0.74
20250600000000.0,418250661,1.0,1.0,,42.6564469,-73.7507251,5.0,1.0,1.0,0.0,2.0,365,2.0,2.0,365,365,2.0,365.0,,9,33,61,334,11.0,6.0,1.0,175,7.0,36,3564.0,4.73,5.0,4.55,5.0,4.91,4.73,4.91,,1.0,1.0,0.0,0,0.74
20250600000000.0,472965048,5.0,5.0,,42.65348,-73.7637,2.0,1.0,1.0,2.0,1.0,365,1.0,1.0,365,365,1.0,365.0,,25,40,70,159,14.0,11.0,0.0,159,7.0,66,4884.0,4.86,4.93,4.93,4.93,5.0,4.79,4.79,,2.0,2.0,0.0,0,0.98
20250600000000.0,477328400,2.0,2.0,,42.64885,-73.76523,4.0,1.0,1.0,1.0,2.0,365,2.0,2.0,365,365,2.0,365.0,,28,49,79,168,38.0,30.0,0.0,168,37.0,180,16200.0,4.92,4.97,4.82,4.97,4.89,4.82,4.95,,2.0,2.0,0.0,0,2.84
20250600000000.0,472965048,5.0,5.0,,42.65194,-73.76526,4.0,1.0,1.0,2.0,1.0,365,1.0,1.0,365,365,1.0,365.0,,25,40,70,159,28.0,17.0,0.0,159,20.0,102,8874.0,4.86,5.0,4.86,4.82,4.96,4.93,4.82,,2.0,2.0,0.0,0,1.93
20250600000000.0,1761578,4.0,7.0,,42.65314,-73.76546,2.0,1.0,1.0,1.0,2.0,365,2.0,2.0,365,365,2.0,365.0,,0,0,0,250,6.0,4.0,0.0,92,5.0,24,2160.0,4.9,4.9,4.9,4.83,4.67,4.5,4.9,,3.0,3.0,0.0,0,0.42
20250600000000.0,10279606,3.0,3.0,,42.66901,-73.82402,4.0,1.0,2.0,0.0,1.0,365,1.0,1.0,365,365,1.0,365.0,,22,38,68,342,49.0,42.0,3.0,184,36.0,252,4740.0,4.86,4.92,4.88,4.94,4.9,4.8,4.84,,3.0,3.0,0.0,0,3.52
20250600000000.0,46312980,5.0,6.0,,42.646032,-73.760482,2.0,1.0,1.0,0.0,3.0,365,3.0,3.0,365,365,3.0,365.0,,0,4,18,196,4.0,3.0,0.0,133,2.0,18,1152.0,4.75,4.75,5.0,5.0,5.0,5.0,4.5,,2.0,2.0,0.0,0,0.32
20250600000000.0,46312980,5.0,6.0,,42.646032,-73.760482,2.0,1.0,1.0,0.0,3.0,365,3.0,3.0,365,365,3.0,365.0,,0,0,0,82,5.0,3.0,0.0,19,4.0,18,1692.0,5.0,5.0,4.4,5.0,5.0,4.2,5.0,,2.0,2.0,0.0,0,0.36
20250600000000.0,121680792,4.0,5.0,,42.65783832,-73.75382159,5.0,1.0,2.0,3.0,2.0,1125,2.0,4.0,1125,1125,2.2,1125.0,,0,0,0,218,3.0,3.0,0.0,60,3.0,18,2430.0,4.67,4.67,4.33,4.67,5.0,4.8,4.67,,5.0,5.0,0.0,0,0.25
20250600000000.0,502037254,4.0,4.0,,42.64893,-73.76886,3.0,1.0,1.0,2.0,1.0,365,1.0,2.0,365,365,1.3,365.0,,0,0,6,185,2.0,2.0,0.0,122,2.0,100,4740.0,4.9,4.5,4.9,5.0,5.0,4.0,4.5,,3.0,3.0,0.0,0,0.17
20250600000000.0,440509865,1.0,1.0,,42.6748535,-73.81692445,4.0,1.0,2.0,2.0,1.0,120,1.0,1.0,120,120,1.0,120.0,,18,32,51,291,48.0,48.0,0.0,133,24.0,255,4740.0,4.98,4.98,4.98,4.94,4.96,4.85,4.94,,1.0,1.0,0.0,0,4.74
20250600000000.0,521669673,4.0,6.0,,42.65909,-73.75691,2.0,1.0,2.0,1.0,1.0,365,1.0,2.0,365,365,1.3,365.0,,1,8,17,196,2.0,1.0,1.0,133,1.0,28,1960.0,4.9,4.9,5.0,5.0,5.0,4.8,4.9,,3.0,3.0,0.0,0,0.15
20250600000000.0,522436003,3.0,5.0,,42.6689614,-73.7890379,1.0,1.0,0.0,1.0,1.0,365,1.0,2.0,365,365,1.3,365.0,,0,1,31,210,0.0,0.0,0.0,147,0.0,0,0.0,4.9,4.9,4.9,5.0,4.75,4.25,4.9,,3.0,0.0,3.0,0,0.3
20250600000000.0,349460842,17.0,17.0,,42.66368,-73.78128,1.0,1.0,1.0,1.0,1.0,365,1.0,2.0,365,365,1.3,365.0,,3,33,63,337,0.0,0.0,0.0,179,0.0,0,0.0,4.9,4.9,4.9,5.0,4.75,4.25,4.9,,17.0,4.0,0.0,0,0.3
20250600000000.0,522436003,3.0,5.0,,42.6689614,-73.7890379,1.0,1.0,1.0,1.0,1.0,365,1.0,2.0,365,365,1.3,365.0,,1,6,36,215,0.0,0.0,0.0,152,0.0,0,3024.0,4.9,4.9,4.9,5.0,4.75,4.25,4.9,,3.0,0.0,3.0,0,0.3
20250600000000.0,574235481,1.0,1.0,,42.64094,-73.7767,4.0,1.0,2.0,1.0,2.0,365,2.0,2.0,365,365,2.0,365.0,,0,0,0,0,4.0,2.0,0.0,0,4.0,12,3024.0,4.9,4.9,4.9,5.0,4.75,4.25,4.9,,1.0,1.0,0.0,0,0.3
20250600000000.0,129023424,1.0,1.0,,42.67105,-73.7995,2.0,1.0,1.0,1.0,1.0,730,1.0,7.0,1125,1125,7.0,1125.0,,0,8,27,301,6.0,3.0,0.0,143,5.0,42,3024.0,5.0,5.0,5.0,5.0,5.0,5.0,4.83,,1.0,1.0,0.0,0,0.47
20250600000000.0,233515764,6.0,6.0,,42.6524924,-73.7674361,4.0,1.0,1.0,3.0,1.0,365,1.0,1.0,365,365,1.0,365.0,,10,32,55,232,56.0,5.0,4.0,169,37.0,255,22440.0,4.82,4.79,4.86,4.89,4.93,4.29,4.75,,6.0,6.0,0.0,0,4.21
20250600000000.0,575030103,2.0,2.0,,42.66259,-73.7733,1.0,1.0,1.0,1.0,2.0,365,2.0,2.0,365,365,2.0,365.0,,11,39,69,248,20.0,16.0,1.0,185,15.0,96,5280.0,4.9,4.95,4.85,4.85,4.75,4.45,4.75,,2.0,1.0,1.0,0,1.51
20250600000000.0,233515764,6.0,6.0,,42.65274,-73.76779,4.0,1.0,1.0,3.0,1.0,365,1.0,1.0,365,365,1.0,365.0,,19,26,56,234,72.0,5.0,0.0,171,46.0,255,22185.0,4.72,4.76,4.83,4.88,4.93,4.46,4.74,,6.0,6.0,0.0,0,5.36
20250600000000.0,576083630,1.0,1.0,,42.6586049,-73.7680329,3.0,1.0,1.0,1.0,2.0,90,2.0,2.0,90,90,2.0,90.0,,22,47,77,256,11.0,10.0,0.0,193,9.0,60,5700.0,4.73,5.0,4.55,5.0,4.82,4.91,4.73,,1.0,1.0,0.0,0,0.84
20250600000000.0,349460842,17.0,17.0,,42.66428,-73.79249,1.0,1.0,1.0,1.0,1.0,365,1.0,2.0,365,365,1.3,365.0,,1,1,1,156,2.0,2.0,0.0,93,2.0,112,5824.0,5.0,5.0,5.0,5.0,5.0,5.0,4.5,,17.0,4.0,0.0,0,0.21
20250600000000.0,502037254,4.0,4.0,,42.65845,-73.75926,2.0,1.0,0.0,0.0,1.0,365,1.0,2.0,365,365,1.3,365.0,,0,0,30,209,0.0,0.0,0.0,146,0.0,0,0.0,4.36,4.57,4.71,4.64,5.0,4.5,4.9,,3.0,3.0,0.0,0,1.22
20250600000000.0,47625981,19.0,19.0,,42.64727,-73.76758,3.0,1.0,1.0,1.0,1.0,365,1.0,1.0,365,365,1.0,365.0,,18,35,65,340,14.0,14.0,1.0,181,10.0,84,8988.0,4.36,4.57,4.71,4.64,5.0,4.5,4.9,,18.0,2.0,0.0,0,1.22
20250600000000.0,580892646,3.0,4.0,,42.64349,-73.75906,2.0,1.0,1.0,0.0,2.0,31,2.0,2.0,31,31,2.0,31.0,,12,12,12,12,2.0,2.0,0.0,12,2.0,12,3504.0,4.9,4.9,4.9,5.0,5.0,4.0,4.9,,2.0,1.0,1.0,0,0.17
20250600000000.0,232967878,24.0,5.0,,42.65314,-73.7653,4.0,1.0,2.0,2.0,1.0,365,1.0,1.0,365,365,1.0,365.0,,18,36,36,36,46.0,46.0,3.0,36,25.0,255,32640.0,4.96,4.96,4.96,4.93,4.85,4.83,4.91,,3.0,2.0,0.0,0,3.77
20250600000000.0,580892646,3.0,4.0,,42.64462,-73.75764,4.0,1.0,1.0,1.0,2.0,60,2.0,2.0,60,60,2.0,60.0,,12,12,12,12,0.0,0.0,0.0,12,0.0,0,0.0,4.94,4.83,4.89,4.83,4.83,4.83,4.78,,2.0,1.0,1.0,0,1.66
20250600000000.0,232967878,24.0,5.0,,42.64442,-73.77938,6.0,1.0,1.0,1.0,2.0,365,2.0,2.0,365,365,2.0,365.0,,18,18,18,18,18.0,18.0,2.0,18,14.0,108,23004.0,4.94,4.83,4.89,4.83,4.83,4.83,4.78,,3.0,2.0,0.0,0,1.66
20250600000000.0,441054845,3.0,3.0,,42.66894,-73.79549,6.0,1.0,3.0,3.0,1.0,365,2.0,4.0,1125,1125,3.0,1125.0,,0,3,29,205,55.0,5.0,1.0,142,40.0,255,25245.0,4.95,4.95,4.95,4.98,4.98,4.89,4.95,,2.0,2.0,0.0,0,4.6
20250600000000.0,42708277,8.0,9.0,,42.6534205,-73.7639758,2.0,1.0,0.0,1.0,1.0,365,1.0,1.0,365,365,1.0,365.0,,29,56,56,56,25.0,25.0,1.0,56,16.0,150,11700.0,4.8,4.84,4.84,4.72,4.96,4.84,4.8,,7.0,7.0,0.0,0,2.14
20250600000000.0,42708277,8.0,9.0,,42.65227,-73.7646,2.0,1.0,0.0,1.0,1.0,365,1.0,1.0,365,365,1.0,365.0,,26,48,48,48,21.0,21.0,1.0,48,12.0,126,9450.0,5.0,5.0,4.95,5.0,5.0,4.9,4.86,,7.0,7.0,0.0,0,1.92
20250600000000.0,42708277,8.0,9.0,,42.6524,-73.76351,2.0,1.0,0.0,1.0,1.0,365,1.0,1.0,365,365,1.0,365.0,,24,47,47,47,17.0,17.0,1.0,47,5.0,102,6834.0,4.94,4.88,4.88,5.0,4.94,5.0,5.0,,7.0,7.0,0.0,0,1.47
20250600000000.0,232967878,24.0,5.0,,42.64409,-73.75709,4.0,1.0,0.0,0.0,1.0,365,1.0,1.0,365,365,1.0,365.0,,29,29,29,29,16.0,16.0,1.0,29,13.0,96,11520.0,4.69,4.75,5.0,4.88,4.69,4.25,4.31,,3.0,2.0,0.0,0,1.38
20250600000000.0,29483818,1.0,1.0,,42.65327,-73.76181,3.0,1.0,1.0,2.0,1.0,1125,1.0,1.0,1,1125,1.0,54.7,,2,7,18,86,130.0,5.0,0.0,86,4.0,255,21675.0,4.95,4.95,4.93,4.95,4.98,4.92,4.91,,1.0,1.0,0.0,0,1.2
20250600000000.0,349460842,17.0,17.0,,42.66612,-73.79275,1.0,1.0,1.0,1.0,1.0,365,1.0,2.0,365,365,1.3,365.0,,0,6,36,215,0.0,0.0,0.0,152,0.0,0,0.0,4.89,4.93,4.93,4.93,5.0,4.89,4.93,,17.0,4.0,0.0,0,2.39
20250600000000.0,232967878,24.0,5.0,,42.65502,-73.79183,6.0,1.0,1.0,1.0,1.0,365,1.0,1.0,365,365,1.0,365.0,,18,41,71,78,27.0,27.0,2.0,78,19.0,162,27216.0,4.89,4.93,4.93,4.93,5.0,4.89,4.93,,3.0,2.0,0.0,0,2.39
20250600000000.0,37769478,14.0,15.0,,42.65333,-73.7711,4.0,1.0,2.0,0.0,1.0,1125,1.0,2.0,1,1125,1.3,377.8,,20,26,53,327,23.0,23.0,1.0,169,13.0,138,15594.0,4.96,4.96,4.83,4.91,5.0,4.96,4.87,,11.0,11.0,0.0,0,2.6
20250600000000.0,37769478,14.0,15.0,,42.66215,-73.79048,2.0,1.0,1.0,1.0,1.0,1125,1.0,2.0,2,1125,1.3,328.3,,28,55,85,357,33.0,33.0,1.0,199,19.0,198,16236.0,4.88,4.91,4.85,4.97,4.88,4.82,4.76,,11.0,11.0,0.0,0,2.99
20250600000000.0,32379616,6.0,11.0,,42.6605291,-73.7831549,1.0,1.0,1.0,1.0,1.0,365,1.0,2.0,365,365,1.3,365.0,,29,59,89,363,0.0,0.0,0.0,205,0.0,0,0.0,4.67,4.83,4.67,4.83,4.67,4.83,4.83,,5.0,3.0,2.0,0,0.6
20250600000000.0,382446799,1.0,2.0,,42.65542,-73.78155,1.0,1.0,1.0,2.0,1.0,30,1.0,1.0,30,30,1.0,30.0,,24,40,70,249,6.0,6.0,0.0,186,5.0,36,1512.0,4.67,4.83,4.67,4.83,4.67,4.83,4.83,,1.0,0.0,1.0,0,0.6
20250600000000.0,121680792,4.0,5.0,,42.655732,-73.764735,2.0,1.0,1.0,1.0,5.0,1125,5.0,5.0,1125,1125,5.0,1125.0,,0,5,35,309,0.0,0.0,0.0,151,0.0,0,0.0,5.0,5.0,5.0,5.0,5.0,5.0,5.0,,5.0,5.0,0.0,0,0.25
20250600000000.0,349460842,17.0,17.0,,42.66269,-73.78163,1.0,1.0,1.0,1.0,1.0,365,1.0,2.0,365,365,1.3,365.0,,0,0,0,65,0.0,0.0,0.0,65,0.0,0,0.0,5.0,5.0,5.0,5.0,5.0,5.0,5.0,,17.0,4.0,0.0,0,0.25
20250600000000.0,349460842,17.0,17.0,,42.6639,-73.7927,1.0,1.0,1.0,1.0,1.0,365,1.0,2.0,365,365,1.3,365.0,,8,38,68,342,0.0,0.0,0.0,184,0.0,0,0.0,5.0,5.0,5.0,5.0,5.0,5.0,5.0,,17.0,4.0,0.0,0,0.25
20250600000000.0,20536619,8.0,8.0,,42.67318,-73.79345,2.0,1.0,1.0,1.0,1.0,89,5.0,7.0,89,89,7.0,89.0,,29,59,88,88,2.0,2.0,0.0,88,2.0,28,1904.0,5.0,5.0,5.0,5.0,5.0,5.0,5.0,,8.0,1.0,0.0,0,0.25
20250600000000.0,147780154,1.0,1.0,,42.65812,-73.81912,4.0,1.0,2.0,2.0,3.0,90,3.0,3.0,90,90,3.0,90.0,,24,54,84,358,0.0,0.0,0.0,200,0.0,0,0.0,4.4,4.9,4.5,5.0,4.6,4.0,4.3,,1.0,1.0,0.0,0,1.26
20250600000000.0,575030103,2.0,2.0,,42.6633254,-73.7742255,4.0,1.0,3.0,3.0,3.0,365,3.0,3.0,365,365,3.0,365.0,,26,45,75,349,10.0,10.0,2.0,191,5.0,60,6480.0,4.4,4.9,4.5,5.0,4.6,4.0,4.3,,2.0,1.0,1.0,0,1.26
20250600000000.0,522436003,3.0,5.0,,42.66859,-73.78832,1.0,1.0,1.0,1.0,1.0,365,1.0,2.0,365,365,1.3,365.0,,0,0,21,295,2.0,2.0,0.0,137,1.0,112,6160.0,5.0,5.0,5.0,5.0,5.0,4.5,4.5,,3.0,0.0,3.0,0,0.24
20250600000000.0,52123673,3.0,4.0,,42.66955,-73.78542,5.0,1.0,3.0,3.0,3.0,300,3.0,3.0,300,300,3.0,300.0,,15,41,71,345,7.0,7.0,1.0,187,4.0,42,6636.0,5.0,5.0,4.86,5.0,5.0,4.86,5.0,,1.0,1.0,0.0,0,0.77
20250600000000.0,562084689,4.0,10.0,,42.66104,-73.77971,6.0,1.0,3.0,1.0,1.0,365,1.0,1.0,1125,1125,1.0,1125.0,,0,0,0,159,14.0,14.0,1.0,0,8.0,84,12600.0,4.57,4.5,4.64,5.0,4.71,4.14,4.43,,2.0,2.0,0.0,0,1.47
20250600000000.0,562084689,4.0,10.0,,42.66319,-73.77897,7.0,1.0,3.0,3.0,1.0,365,1.0,1.0,1125,1125,1.0,1125.0,,15,37,65,340,33.0,33.0,2.0,181,15.0,198,28710.0,4.5,4.63,4.41,4.69,4.78,4.59,4.59,,2.0,2.0,0.0,0,3.59
20250600000000.0,106636448,1.0,1.0,,42.65507161,-73.76475095,3.0,1.0,1.0,2.0,1.0,28,1.0,3.0,28,28,2.7,28.0,,21,34,64,243,43.0,43.0,4.0,180,9.0,255,29325.0,4.88,4.91,4.98,4.91,4.95,4.84,4.84,,1.0,1.0,0.0,0,1.2
20250600000000.0,233515764,6.0,6.0,,42.65173,-73.76786,4.0,1.0,1.0,3.0,1.0,365,1.0,1.0,365,365,1.0,365.0,,12,14,36,199,55.0,5.0,0.0,136,27.0,255,18870.0,4.82,4.84,4.89,4.89,4.93,4.47,4.84,,6.0,6.0,0.0,0,6.02
20250600000000.0,564967431,2.0,2.0,,42.65046807,-73.76434796,2.0,1.0,1.0,1.0,2.0,365,1.0,4.0,365,365,3.7,365.0,,3,9,39,313,2.0,2.0,0.0,155,2.0,12,984.0,5.0,5.0,5.0,5.0,5.0,5.0,5.0,,2.0,2.0,0.0,0,0.26
20250600000000.0,382970529,16.0,26.0,,42.65507057,-73.76151133,2.0,1.0,1.0,1.0,4.0,30,1.0,4.0,30,30,4.0,30.0,,0,4,34,93,27.0,27.0,0.0,93,13.0,216,15984.0,4.93,4.93,4.78,4.89,4.96,4.85,4.93,,15.0,4.0,0.0,0,3.09
20250600000000.0,412416973,1.0,3.0,,42.64566907,-73.75883448,2.0,1.0,1.0,3.0,1.0,1125,1.0,1.0,1125,1125,1.0,1125.0,,21,44,74,253,7.0,7.0,0.0,190,2.0,42,1848.0,4.43,4.57,4.9,5.0,5.0,4.71,4.43,,1.0,0.0,1.0,0,0.93
20250600000000.0,594734396,2.0,2.0,,42.6425,-73.75889,1.0,1.0,1.0,1.0,1.0,365,1.0,1.0,365,365,1.0,365.0,,28,51,51,301,32.0,32.0,1.0,143,13.0,192,14016.0,4.75,4.69,4.81,4.72,4.75,4.34,4.84,,2.0,0.0,2.0,0,3.76
20250600000000.0,652223872,1.0,1.0,,42.65941683,-73.78360268,1.0,1.0,1.0,1.0,3.0,365,3.0,3.0,365,365,3.0,365.0,,0,0,23,297,4.0,4.0,0.0,139,4.0,24,1248.0,4.75,5.0,5.0,5.0,5.0,4.75,5.0,,1.0,0.0,1.0,0,0.5
20250600000000.0,349460842,17.0,17.0,,42.66517905,-73.79260148,1.0,1.0,1.0,1.0,1.0,365,1.0,2.0,365,365,1.3,365.0,,0,21,51,325,0.0,0.0,0.0,167,0.0,0,0.0,5.0,5.0,4.57,5.0,5.0,4.57,4.71,,17.0,4.0,0.0,0,0.87
20250600000000.0,172861174,1.0,1.0,,42.6551298,-73.7584295,2.0,1.0,1.0,1.0,1.0,365,1.0,1.0,365,365,1.0,365.0,,25,47,77,351,7.0,7.0,1.0,193,3.0,42,4200.0,5.0,5.0,4.57,5.0,5.0,4.57,4.71,,1.0,0.0,1.0,0,0.87
20250600000000.0,38324986,1.0,2.0,,42.64548739,-73.78960322,5.0,1.0,3.0,2.0,3.0,120,3.0,3.0,1125,1125,3.0,1125.0,,0,0,14,289,0.0,0.0,0.0,130,0.0,0,0.0,5.0,5.0,5.0,5.0,5.0,5.0,5.0,,1.0,1.0,0.0,0,0.15
20250600000000.0,349460842,17.0,17.0,,42.66555578,-73.79269775,1.0,1.0,1.0,1.0,1.0,365,1.0,2.0,365,365,1.3,365.0,,19,49,79,353,1.0,1.0,0.0,195,1.0,56,2912.0,5.0,5.0,5.0,5.0,5.0,5.0,5.0,,17.0,4.0,0.0,0,0.15
20250600000000.0,37769478,14.0,15.0,,42.65422977,-73.76982577,2.0,1.0,1.0,1.0,1.0,1125,1.0,1.0,1,1125,1.0,434.4,,0,16,46,320,10.0,10.0,0.0,162,4.0,60,5280.0,4.5,4.5,4.3,4.8,4.8,4.3,4.4,,11.0,11.0,0.0,0,1.2
20250600000000.0,349460842,17.0,17.0,,42.66226,-73.78221,1.0,1.0,1.0,1.0,1.0,365,1.0,2.0,365,365,1.3,365.0,,30,60,90,179,0.0,0.0,0.0,179,0.0,0,0.0,4.33,4.9,4.5,4.83,4.83,4.33,4.33,,17.0,4.0,0.0,0,0.74
20250600000000.0,18490980,13.0,25.0,,42.6544762,-73.7718074,2.0,1.0,1.0,1.0,1.0,90,3.0,3.0,90,90,3.0,90.0,,30,60,90,179,6.0,6.0,0.0,179,6.0,36,2988.0,4.33,4.9,4.5,4.83,4.83,4.33,4.33,,2.0,2.0,0.0,0,0.74
20250600000000.0,18490980,13.0,25.0,,42.6551724,-73.7664699,2.0,1.0,1.0,1.0,1.0,120,2.0,4.0,120,120,4.0,120.0,,30,55,85,174,8.0,8.0,1.0,174,2.0,255,23715.0,4.5,4.5,4.38,5.0,5.0,4.75,4.38,,2.0,2.0,0.0,0,1.0
20250600000000.0,47625981,19.0,19.0,,42.64762857,-73.76751684,5.0,1.0,2.0,2.0,1.0,365,1.0,1.0,365,365,1.0,365.0,,19,41,71,335,25.0,25.0,2.0,179,8.0,150,19650.0,4.68,4.8,4.8,4.88,4.68,4.6,4.52,,18.0,2.0,0.0,0,3.13
20250600000000.0,564967431,2.0,2.0,,42.65004675,-73.76402178,2.0,1.0,0.0,1.0,2.0,365,1.0,4.0,365,365,3.1,365.0,,0,0,0,219,6.0,6.0,0.0,61,4.0,36,2448.0,4.83,5.0,5.0,4.83,5.0,4.83,4.67,,2.0,2.0,0.0,0,0.8
20250600000000.0,1017349,1.0,2.0,,42.65319027,-73.769706,2.0,1.0,1.0,1.0,1.0,365,1.0,1.0,365,365,1.0,365.0,,24,52,81,81,1.0,1.0,0.0,81,1.0,6,450.0,4.9,4.9,5.0,5.0,5.0,5.0,5.0,,1.0,0.0,1.0,0,0.13
20250600000000.0,270608641,2.0,2.0,,42.6513797,-73.76947069,2.0,1.0,1.0,0.0,1.0,365,1.0,1.0,365,365,1.0,365.0,,28,51,81,356,15.0,15.0,4.0,197,5.0,90,7200.0,4.87,4.8,5.0,4.8,5.0,4.6,5.0,,2.0,2.0,0.0,0,2.05
20250600000000.0,382970529,16.0,26.0,,42.6691646,-73.7977608,2.0,1.0,1.0,1.0,2.0,365,2.0,2.0,365,365,2.0,365.0,,0,0,22,296,5.0,5.0,1.0,138,2.0,30,1470.0,4.8,4.8,4.8,4.6,5.0,5.0,4.4,,15.0,4.0,0.0,0,0.66
20250600000000.0,658588120,1.0,1.0,,42.7,-73.81405552,2.0,1.0,3.0,3.0,1.0,365,1.0,2.0,365,365,1.3,365.0,,24,54,84,358,0.0,0.0,0.0,200,0.0,0,33456.0,4.97,5.0,4.97,4.97,5.0,4.94,4.97,,1.0,1.0,0.0,0,4.55
20250600000000.0,57127782,1.0,1.0,,42.673155,-73.8203654,6.0,1.0,3.0,3.0,1.0,365,1.0,1.0,365,365,1.0,365.0,,15,23,30,175,34.0,34.0,5.0,30,13.0,204,33456.0,4.97,5.0,4.97,4.97,5.0,4.94,4.97,,1.0,1.0,0.0,0,4.55
20250600000000.0,32379616,6.0,11.0,,42.66487531,-73.76730339,4.0,1.0,1.0,1.0,1.0,365,1.0,2.0,365,365,1.3,365.0,,26,56,86,360,0.0,0.0,0.0,202,0.0,0,0.0,4.9,4.9,4.9,5.0,5.0,4.0,4.9,,5.0,3.0,2.0,0,1.15
20250600000000.0,65760,1.0,1.0,,42.6497616,-73.7645287,6.0,1.0,3.0,3.0,4.0,1125,1.0,5.0,1125,1125,4.1,1125.0,,23,42,72,158,2.0,2.0,1.0,96,0.0,16,3008.0,4.9,4.9,4.9,5.0,5.0,4.0,4.9,,1.0,1.0,0.0,0,1.15
20250600000000.0,528617680,2.0,3.0,,42.64531128,-73.757934,1.0,1.0,2.0,1.0,1.0,365,1.0,1.0,365,365,1.0,365.0,,0,0,0,0,6.0,6.0,0.0,0,4.0,36,19224.0,4.67,4.67,4.67,4.67,4.83,4.33,4.5,,2.0,1.0,1.0,0,0.82
20250600000000.0,653956114,16.0,18.0,,42.6620383,-73.78922094,2.0,1.0,1.0,1.0,2.0,365,1.0,5.0,1125,1125,4.7,1125.0,,22,44,74,163,18.0,18.0,3.0,163,0.0,108,19224.0,4.61,4.9,4.56,4.89,4.94,4.78,4.72,,1.0,1.0,0.0,0,3.88
20250600000000.0,661066080,1.0,1.0,,42.67445143,-73.73835701,4.0,1.0,2.0,2.0,1.0,7,1.0,1.0,7,7,1.0,7.0,,28,58,88,174,2.0,2.0,1.0,174,0.0,12,1104.0,4.9,4.9,4.5,5.0,5.0,4.8,4.9,,1.0,1.0,0.0,0,0.42
20250600000000.0,358619880,4.0,5.0,,42.65769854,-73.76265862,2.0,1.0,1.0,1.0,1.0,1125,1.0,2.0,1125,1125,1.3,1125.0,,0,13,43,318,2.0,2.0,0.0,159,0.0,124,11160.0,4.9,4.9,4.9,5.0,5.0,4.8,4.9,,5.0,5.0,0.0,0,0.41
20250600000000.0,358619880,4.0,5.0,,42.65797247,-73.76464633,2.0,1.0,1.0,1.0,1.0,365,1.0,2.0,1125,1125,1.3,1125.0,,0,0,0,172,1.0,1.0,0.0,13,0.0,62,7874.0,5.0,5.0,4.9,5.0,5.0,4.0,4.9,,5.0,5.0,0.0,0,0.34
20250600000000.0,358619880,4.0,5.0,,42.65735002,-73.76321831,2.0,1.0,1.0,1.0,1.0,365,1.0,2.0,1125,1125,1.3,1125.0,,0,0,0,252,3.0,3.0,0.0,93,2.0,186,23622.0,4.33,4.67,4.9,5.0,4.67,4.8,4.33,,5.0,5.0,0.0,0,0.47
20250600000000.0,358619880,4.0,5.0,,42.65537055,-73.76089577,2.0,1.0,1.0,1.0,1.0,365,1.0,2.0,1125,1125,1.3,1125.0,,30,60,90,268,1.0,1.0,0.0,206,1.0,62,7068.0,4.9,5.0,5.0,5.0,5.0,4.0,4.9,,5.0,5.0,0.0,0,0.16
20250600000000.0,358619880,4.0,5.0,,42.65678,-73.76367,2.0,1.0,1.0,1.0,1.0,365,1.0,2.0,1125,1125,1.3,1125.0,,0,0,22,200,0.0,0.0,0.0,138,0.0,0,0.0,4.66,4.66,4.76,4.72,4.76,4.72,4.69,,5.0,5.0,0.0,0,4.26
20250600000000.0,484673863,3.0,3.0,,42.65701241,-73.78116252,2.0,1.0,1.0,1.0,1.0,365,1.0,1.0,365,365,1.0,365.0,,22,29,59,333,29.0,29.0,3.0,175,9.0,174,12702.0,4.66,4.66,4.76,4.72,4.76,4.72,4.69,,3.0,3.0,0.0,0,4.26
20250600000000.0,571617730,1.0,2.0,,42.6445746,-73.7566836,6.0,1.0,0.0,2.0,1.0,365,1.0,1.0,365,365,1.0,365.0,,27,53,83,357,0.0,0.0,0.0,199,0.0,0,0.0,4.78,4.89,5.0,5.0,5.0,4.89,4.78,,1.0,1.0,0.0,0,2.0
20250600000000.0,349460842,17.0,17.0,,42.66229706,-73.78175574,1.0,1.0,1.0,1.0,1.0,365,1.0,2.0,365,365,1.3,365.0,,0,0,1,77,0.0,0.0,0.0,14,0.0,0,0.0,4.78,4.89,5.0,5.0,5.0,4.89,4.78,,17.0,4.0,0.0,0,2.0
20250600000000.0,353498132,6.0,6.0,,42.64592834,-73.79876141,4.0,1.0,2.0,2.0,1.0,365,1.0,2.0,1125,1125,1.3,1125.0,,0,0,0,249,0.0,0.0,0.0,90,0.0,0,0.0,4.78,4.89,5.0,5.0,5.0,4.89,4.78,,6.0,6.0,0.0,0,2.0
20250600000000.0,349460842,17.0,17.0,,42.6634563,-73.78182815,1.0,1.0,1.0,1.0,1.0,365,1.0,2.0,365,365,1.3,365.0,,0,0,0,263,0.0,0.0,0.0,105,0.0,0,0.0,4.78,4.89,5.0,5.0,5.0,4.89,4.78,,17.0,4.0,0.0,0,2.0
20250600000000.0,663670719,3.0,3.0,,42.66434544,-73.77874573,2.0,1.0,1.0,1.0,1.0,365,1.0,1.0,365,365,1.0,365.0,,0,0,0,190,9.0,9.0,1.0,31,0.0,54,2052.0,4.78,4.89,5.0,5.0,5.0,4.89,4.78,,3.0,0.0,3.0,0,2.0
20250600000000.0,663670719,3.0,3.0,,42.6629497,-73.77890271,2.0,1.0,1.0,1.0,1.0,365,1.0,1.0,365,365,1.0,365.0,,15,19,46,291,43.0,43.0,0.0,134,10.0,255,10710.0,4.95,4.95,4.88,5.0,5.0,4.77,4.93,,3.0,0.0,3.0,0,1.2
20250600000000.0,44434571,11.0,13.0,,42.64441207,-73.75226674,6.0,1.0,2.0,2.0,1.0,365,1.0,3.0,1125,1125,2.2,1125.0,,9,30,60,334,20.0,20.0,5.0,176,0.0,120,12000.0,4.95,4.95,4.79,4.95,4.95,4.47,4.95,,9.0,9.0,0.0,0,3.75
20250600000000.0,47625981,19.0,19.0,,42.64882384,-73.76664662,2.0,1.0,1.0,1.0,1.0,365,1.0,1.0,365,365,1.0,365.0,,29,52,82,357,3.0,3.0,0.0,198,1.0,18,4992.0,4.67,4.67,5.0,5.0,5.0,4.67,4.67,,18.0,2.0,0.0,0,0.49
20250600000000.0,341431807,1.0,1.0,,42.7,-73.77196508,5.0,1.0,2.0,1.0,1.0,365,1.0,1.0,365,365,1.0,365.0,,30,53,83,358,8.0,8.0,2.0,199,2.0,48,4992.0,4.9,4.9,4.9,5.0,5.0,4.5,4.9,,1.0,1.0,0.0,0,1.33
20250600000000.0,349460842,17.0,17.0,,42.66299895,-73.78255585,1.0,1.0,1.0,1.0,1.0,365,1.0,2.0,365,365,1.3,365.0,,0,0,29,303,0.0,0.0,0.0,145,0.0,0,0.0,4.96,5.0,4.93,5.0,5.0,4.85,4.93,,17.0,4.0,0.0,0,4.76
20250600000000.0,349460842,17.0,17.0,,42.66239947,-73.7827126,1.0,1.0,1.0,1.0,1.0,365,1.0,2.0,365,365,1.3,365.0,,0,7,37,311,0.0,0.0,0.0,153,0.0,0,0.0,4.96,5.0,4.93,5.0,5.0,4.85,4.93,,17.0,4.0,0.0,0,4.76
20250600000000.0,663670719,3.0,3.0,,42.66375891,-73.77674407,2.0,1.0,1.0,1.0,1.0,365,1.0,1.0,365,365,1.0,365.0,,10,17,40,295,27.0,27.0,0.0,137,2.0,162,8262.0,4.96,5.0,4.93,5.0,5.0,4.85,4.93,,3.0,0.0,3.0,0,4.76
20250600000000.0,667142820,1.0,1.0,,42.6694592,-73.8269249,5.0,1.0,3.0,1.0,1.0,365,1.0,2.0,365,365,1.3,365.0,,25,55,85,359,0.0,0.0,0.0,201,0.0,0,0.0,5.0,5.0,5.0,5.0,5.0,5.0,5.0,,1.0,1.0,0.0,0,0.53
20250600000000.0,559146397,2.0,2.0,,42.65331,-73.76971,2.0,1.0,1.0,1.0,1.0,180,1.0,2.0,180,180,1.3,180.0,,0,0,0,69,0.0,0.0,0.0,0,0.0,0,0.0,5.0,5.0,5.0,5.0,5.0,5.0,5.0,,2.0,2.0,0.0,0,0.53
20250600000000.0,252422913,1.0,1.0,,42.67077854,-73.82525055,6.0,1.0,3.0,3.0,2.0,1125,1.0,2.0,1125,1125,2.0,1125.0,,0,5,25,114,1.0,1.0,0.0,114,0.0,6,636.0,5.0,5.0,5.0,5.0,5.0,5.0,5.0,,1.0,1.0,0.0,0,0.53
20250600000000.0,121680792,4.0,5.0,,42.6551361,-73.7737125,6.0,1.0,3.0,3.0,2.0,1125,2.0,4.0,1125,1125,2.3,1125.0,,23,44,74,348,1.0,1.0,1.0,190,0.0,6,606.0,4.9,4.9,4.9,5.0,5.0,4.0,4.9,,5.0,5.0,0.0,0,1.0
20250600000000.0,666182267,1.0,1.0,,42.65015,-73.76337,2.0,1.0,3.0,3.0,2.0,365,2.0,2.0,365,365,2.0,365.0,,16,29,52,227,12.0,12.0,1.0,164,0.0,72,12240.0,4.92,4.83,4.83,4.58,5.0,5.0,5.0,,1.0,1.0,0.0,0,2.9
20250600000000.0,392074908,3.0,7.0,,42.65262,-73.76134,2.0,1.0,1.0,1.0,2.0,365,2.0,2.0,365,365,2.0,365.0,,5,27,57,331,4.0,4.0,0.0,173,0.0,24,2472.0,4.5,4.5,4.25,4.75,5.0,5.0,4.75,,3.0,3.0,0.0,0,1.15
20250600000000.0,559146397,2.0,2.0,,42.65344807,-73.76942854,2.0,1.0,1.0,1.0,1.0,180,1.0,2.0,1125,1125,1.3,1125.0,,0,0,9,283,0.0,0.0,0.0,125,0.0,0,0.0,4.63,4.63,4.75,4.63,4.75,4.25,4.75,,2.0,2.0,0.0,0,3.33
20250600000000.0,44434571,11.0,13.0,,42.644075,-73.7545279,2.0,1.0,3.0,1.0,1.0,1125,1.0,3.0,1125,1125,2.2,1125.0,,19,44,74,221,8.0,8.0,2.0,190,0.0,48,5184.0,4.63,4.63,4.75,4.63,4.75,4.25,4.75,,9.0,9.0,0.0,0,3.33
20250600000000.0,42708277,8.0,9.0,,42.67538366,-73.7501174,3.0,1.0,1.0,1.0,1.0,1125,1.0,1.0,1125,1125,1.0,1125.0,,30,59,59,59,1.0,1.0,1.0,59,0.0,6,498.0,5.0,5.0,5.0,5.0,5.0,5.0,5.0,,7.0,7.0,0.0,0,1.0
20250600000000.0,42708277,8.0,9.0,,42.67796682,-73.74887794,3.0,1.0,1.0,2.0,1.0,365,1.0,1.0,365,365,1.0,365.0,,0,8,8,8,0.0,0.0,0.0,8,0.0,0,0.0,5.0,5.0,4.67,5.0,5.0,4.67,5.0,,7.0,7.0,0.0,0,0.87
20250600000000.0,299638115,4.0,4.0,,42.6556643,-73.7618859,2.0,1.0,1.0,1.0,1.0,1125,2.0,3.0,1125,1125,2.9,1125.0,,0,6,36,311,0.0,0.0,0.0,152,0.0,0,0.0,5.0,5.0,4.67,5.0,5.0,4.67,5.0,,4.0,4.0,0.0,0,0.87
20250600000000.0,677372979,1.0,1.0,,42.7,-73.79764015,6.0,1.0,2.0,2.0,1.0,90,1.0,7.0,90,90,7.0,90.0,,0,0,0,220,3.0,3.0,0.0,61,0.0,42,5292.0,5.0,5.0,4.67,5.0,5.0,4.67,5.0,,1.0,1.0,0.0,0,0.87
20250600000000.0,10279606,3.0,3.0,,42.67003714,-73.82302715,6.0,1.0,3.0,3.0,1.0,365,1.0,1.0,365,365,1.0,365.0,,21,35,63,331,20.0,20.0,3.0,172,0.0,120,17880.0,4.95,4.9,5.0,5.0,5.0,4.85,4.9,,3.0,3.0,0.0,0,5.26
20250600000000.0,413566290,3.0,6.0,,42.65540065,-73.79756712,1.0,1.0,1.0,1.0,2.0,365,2.0,2.0,365,365,2.0,365.0,,10,32,61,61,2.0,2.0,1.0,61,0.0,12,792.0,5.0,5.0,5.0,5.0,5.0,5.0,5.0,,1.0,0.0,1.0,0,1.03
20250600000000.0,32379616,6.0,11.0,,42.66526305,-73.7671607,4.0,1.0,2.0,2.0,1.0,365,1.0,2.0,365,365,1.3,365.0,,14,44,74,348,0.0,0.0,0.0,190,0.0,0,0.0,4.9,4.9,4.67,5.0,4.67,4.8,4.9,,5.0,3.0,2.0,0,2.37
20250600000000.0,650062372,2.0,2.0,,42.66891,-73.79096,5.0,1.0,3.0,1.0,1.0,200,1.0,1.0,200,200,1.0,200.0,,28,47,77,352,3.0,3.0,2.0,193,0.0,18,3906.0,4.9,4.9,4.67,5.0,4.67,4.8,4.9,,1.0,1.0,0.0,0,2.37
20250600000000.0,664328482,1.0,1.0,,42.6436654,-73.7536006,4.0,1.0,2.0,2.0,1.0,30,1.0,2.0,1125,1125,1.3,1125.0,,25,47,76,349,26.0,26.0,5.0,191,0.0,156,14196.0,4.65,4.85,4.58,4.81,4.96,4.58,4.77,,1.0,1.0,0.0,0,1.2
20250600000000.0,680411288,1.0,1.0,,42.64533015,-73.78913105,2.0,1.0,1.0,1.0,1.0,1125,1.0,1.0,1,1125,1.0,91.9,,14,32,52,309,14.0,14.0,4.0,151,0.0,84,21672.0,5.0,5.0,5.0,5.0,5.0,5.0,5.0,,1.0,1.0,0.0,0,5.0
20250600000000.0,584109093,1.0,1.0,,42.66159372,-73.75439957,4.0,1.0,2.0,1.0,1.0,1125,1.0,1.0,1125,1125,1.0,1125.0,,23,47,77,352,6.0,6.0,4.0,193,0.0,36,3060.0,4.33,4.67,4.67,5.0,5.0,4.0,4.5,,1.0,1.0,0.0,0,2.12
20250600000000.0,121680792,4.0,5.0,,42.63962652,-73.77330801,6.0,1.0,3.0,3.0,2.0,1125,2.0,4.0,1125,1125,2.3,1125.0,,30,53,83,357,0.0,0.0,0.0,199,0.0,0,0.0,5.0,5.0,5.0,5.0,5.0,5.0,5.0,,5.0,5.0,0.0,0,6.0
20250600000000.0,20536619,8.0,8.0,,42.66315402,-73.78910124,2.0,1.0,1.0,1.0,1.0,365,1.0,2.0,365,365,1.3,365.0,,0,14,44,208,0.0,0.0,0.0,145,0.0,0,0.0,5.0,5.0,5.0,5.0,5.0,5.0,5.0,,8.0,1.0,0.0,0,6.0
20250600000000.0,265861488,1.0,1.0,,42.65040603,-73.76433185,4.0,1.0,1.0,2.0,1.0,1125,1.0,1.0,1125,1125,1.0,1125.0,,12,24,39,288,13.0,13.0,0.0,129,0.0,78,5304.0,5.0,5.0,5.0,5.0,5.0,5.0,5.0,,1.0,1.0,0.0,0,6.0
20250600000000.0,385963105,1.0,1.0,,42.66598411,-73.81880097,5.0,1.0,3.0,3.0,1.0,30,1.0,7.0,30,30,7.0,30.0,,7,37,66,66,1.0,1.0,1.0,66,0.0,14,1792.0,5.0,5.0,5.0,5.0,5.0,5.0,5.0,,1.0,1.0,0.0,0,1.0
20250600000000.0,233515764,6.0,6.0,,42.64764409,-73.77159254,2.0,1.0,1.0,1.0,1.0,365,1.0,2.0,365,365,1.3,365.0,,7,20,47,198,2.0,2.0,0.0,135,0.0,12,888.0,5.0,5.0,5.0,5.0,5.0,4.5,5.0,,6.0,6.0,0.0,0,0.85
20250600000000.0,20536619,8.0,8.0,,42.66148231,-73.78761856,2.0,1.0,1.0,1.0,1.0,365,1.0,2.0,365,365,1.3,365.0,,9,34,63,63,0.0,0.0,0.0,63,0.0,0,0.0,5.0,5.0,5.0,5.0,5.0,5.0,5.0,,8.0,1.0,0.0,0,1.27
20250600000000.0,20536619,8.0,8.0,,42.66310642,-73.7871616,2.0,1.0,1.0,1.0,1.0,89,1.0,2.0,89,89,1.3,89.0,,10,32,32,100,0.0,0.0,0.0,100,0.0,0,0.0,5.0,5.0,5.0,5.0,5.0,5.0,5.0,,8.0,1.0,0.0,0,1.27
20250600000000.0,20536619,8.0,8.0,,42.661831,-73.78755057,2.0,1.0,1.0,1.0,1.0,365,5.0,2.0,365,365,1.3,365.0,,1,19,49,123,0.0,0.0,0.0,123,0.0,0,0.0,5.0,5.0,5.0,5.0,5.0,5.0,5.0,,8.0,1.0,0.0,0,1.27
20250600000000.0,26674574,2.0,2.0,,42.7,-73.8111413,2.0,1.0,1.0,1.0,3.0,365,2.0,3.0,365,365,3.0,365.0,,6,9,9,262,3.0,3.0,2.0,104,0.0,18,1152.0,5.0,5.0,5.0,5.0,5.0,5.0,5.0,,1.0,1.0,0.0,0,1.27
20250600000000.0,233515764,6.0,6.0,,42.64626119,-73.77151139,2.0,1.0,1.0,1.0,1.0,365,1.0,1.0,365,365,1.0,365.0,,21,22,31,306,8.0,8.0,1.0,147,0.0,48,612.0,5.0,4.88,5.0,5.0,5.0,4.63,4.75,,6.0,6.0,0.0,0,3.0
20250600000000.0,466790114,10.0,14.0,,42.68002338,-73.78522331,2.0,1.0,1.0,1.0,1.0,29,1.0,1.0,29,29,1.0,29.0,,27,55,85,360,2.0,2.0,1.0,201,0.0,12,612.0,5.0,5.0,5.0,5.0,5.0,5.0,5.0,,9.0,8.0,1.0,0,0.94
20250600000000.0,466790114,10.0,14.0,,42.68231685,-73.78367156,3.0,1.0,1.0,2.0,1.0,28,1.0,1.0,28,28,1.0,28.0,,24,40,70,345,5.0,5.0,2.0,186,0.0,30,1470.0,4.9,4.9,4.9,5.0,5.0,4.0,4.9,,9.0,8.0,1.0,0,2.14
20250600000000.0,20536619,8.0,8.0,,42.66317304,-73.78912755,2.0,1.0,1.0,1.0,1.0,1125,1.0,2.0,1125,1125,1.3,1125.0,,0,14,44,133,0.0,0.0,0.0,133,0.0,0,0.0,5.0,5.0,5.0,5.0,5.0,5.0,5.0,,8.0,1.0,0.0,0,1.0
20250600000000.0,55596850,3.0,3.0,,42.66002,-73.79333,1.0,1.0,1.0,3.0,5.0,365,5.0,5.0,365,365,5.0,365.0,,0,0,29,303,1.0,1.0,1.0,145,0.0,10,530.0,5.0,5.0,5.0,5.0,5.0,5.0,5.0,,3.0,0.0,3.0,0,1.0
20250600000000.0,466790114,10.0,14.0,,42.67776,-73.78216,3.0,1.0,1.0,1.0,1.0,29,1.0,1.0,29,29,1.0,29.0,,19,49,79,354,3.0,3.0,1.0,195,0.0,18,990.0,4.9,4.9,4.9,5.0,5.0,4.8,4.9,,9.0,8.0,1.0,0,1.58
20250600000000.0,466790114,10.0,14.0,,42.67652149,-73.78111384,2.0,1.0,1.0,1.0,1.0,28,1.0,1.0,28,28,1.0,28.0,,0,29,59,334,2.0,2.0,0.0,175,0.0,12,840.0,5.0,5.0,5.0,5.0,5.0,4.8,5.0,,9.0,8.0,1.0,0,1.03
20250600000000.0,466790114,10.0,14.0,,42.67742779,-73.78242873,4.0,1.0,1.0,1.0,1.0,28,1.0,1.0,28,28,1.0,28.0,,18,48,78,353,1.0,1.0,1.0,194,0.0,6,336.0,5.0,5.0,5.0,5.0,5.0,5.0,5.0,,9.0,8.0,1.0,0,1.0
20250600000000.0,466790114,10.0,14.0,,42.67610274,-73.78233683,4.0,1.0,1.0,2.0,1.0,365,1.0,1.0,365,365,1.0,365.0,,12,42,72,347,2.0,2.0,2.0,188,0.0,12,684.0,4.5,4.5,4.9,5.0,5.0,4.0,4.5,,9.0,8.0,1.0,0,2.0
20250600000000.0,55596850,3.0,3.0,,42.65947528,-73.7936812,1.0,1.0,1.0,3.0,5.0,365,5.0,5.0,365,365,5.0,365.0,,0,0,13,287,2.0,2.0,0.0,129,0.0,20,960.0,5.0,5.0,5.0,5.0,5.0,5.0,5.0,,3.0,0.0,3.0,0,1.46
20250600000000.0,466790114,10.0,14.0,,42.67651023,-73.78215502,4.0,1.0,1.0,2.0,1.0,28,1.0,1.0,28,28,1.0,28.0,,30,60,90,365,3.0,3.0,1.0,206,0.0,18,846.0,4.9,4.9,4.9,4.67,5.0,4.8,4.9,,9.0,8.0,1.0,0,2.43
20250600000000.0,594734396,2.0,2.0,,42.6448116,-73.75775432,1.0,1.0,1.0,1.0,1.0,365,1.0,1.0,365,365,1.0,365.0,,8,34,64,338,0.0,0.0,0.0,180,0.0,0,0.0,5.0,5.0,5.0,5.0,5.0,5.0,5.0,,2.0,0.0,2.0,0,1.0
20250600000000.0,116935236,5.0,5.0,,42.66991719,-73.78632927,1.0,1.0,1.0,1.0,1.0,365,1.0,7.0,365,365,7.0,365.0,,0,0,17,291,0.0,0.0,0.0,133,0.0,0,0.0,5.0,5.0,5.0,5.0,5.0,5.0,5.0,,5.0,0.0,5.0,0,1.0
20250600000000.0,55596850,3.0,3.0,,42.66111606,-73.7940814,1.0,1.0,1.0,3.0,5.0,365,5.0,5.0,365,365,5.0,365.0,,18,35,43,317,0.0,0.0,0.0,159,0.0,0,0.0,5.0,5.0,5.0,5.0,5.0,5.0,5.0,,3.0,0.0,3.0,0,1.0
20250600000000.0,32379616,6.0,11.0,,42.6605291,-73.7831549,5.0,1.0,1.0,1.0,1.0,365,1.0,2.0,365,365,1.3,365.0,,18,48,78,352,0.0,0.0,0.0,194,0.0,0,0.0,5.0,5.0,5.0,5.0,5.0,5.0,5.0,,5.0,3.0,2.0,0,1.0
20250600000000.0,32379616,6.0,11.0,,42.6599033,-73.78257397,1.0,1.0,1.0,1.0,1.0,365,1.0,2.0,365,365,1.3,365.0,,29,59,89,363,0.0,0.0,0.0,205,0.0,0,0.0,5.0,5.0,5.0,5.0,5.0,5.0,5.0,,5.0,3.0,2.0,0,1.0
20250600000000.0,382970529,16.0,26.0,,42.65545023,-73.76273815,2.0,1.0,1.0,1.0,3.0,365,3.0,3.0,365,365,3.0,365.0,,9,30,60,239,0.0,0.0,0.0,176,0.0,0,0.0,5.0,5.0,5.0,5.0,5.0,5.0,5.0,,15.0,4.0,0.0,0,1.0
20250600000000.0,477328400,2.0,2.0,,42.64878732,-73.76675859,2.0,1.0,1.0,1.0,1.0,365,1.0,1.0,365,365,1.0,365.0,,26,48,66,340,1.0,1.0,1.0,182,0.0,6,642.0,5.0,5.0,5.0,5.0,5.0,5.0,5.0,,2.0,2.0,0.0,0,1.0
20250600000000.0,674118442,4.0,5.0,,42.67847686,-73.78374211,2.0,1.0,1.0,1.0,1.0,1125,1.0,1.0,1,1125,1.0,139.6,,30,58,88,329,0.0,0.0,0.0,204,0.0,0,0.0,5.0,5.0,5.0,5.0,5.0,5.0,5.0,,3.0,3.0,0.0,0,5.0
20250600000000.0,674118442,4.0,5.0,,42.67855402,-73.78195666,4.0,1.0,1.0,0.0,1.0,1125,1.0,1.0,1,1125,1.0,606.0,,30,58,88,175,0.0,0.0,0.0,175,0.0,0,0.0,5.0,5.0,5.0,5.0,5.0,5.0,5.0,,3.0,3.0,0.0,0,5.0
20250600000000.0,232589050,2.0,2.0,,42.6456774,-73.7602082,3.0,1.0,1.0,3.0,1.0,365,1.0,2.0,365,365,1.0,365.0,,4,7,37,124,5.0,5.0,5.0,124,0.0,30,2670.0,5.0,5.0,5.0,5.0,5.0,5.0,5.0,,1.0,1.0,0.0,0,5.0
20250600000000.0,674118442,4.0,5.0,,42.67827869,-73.7839499,4.0,1.0,1.0,0.0,1.0,1125,1.0,1.0,1,1125,1.0,606.0,,30,58,88,175,0.0,0.0,0.0,175,0.0,0,0.0,5.0,5.0,5.0,5.0,5.0,5.0,5.0,,3.0,3.0,0.0,0,1.0
20250600000000.0,270608641,2.0,2.0,,42.65166,-73.76622,2.0,1.0,1.0,1.0,1.0,365,1.0,1.0,365,365,1.0,365.0,,0,0,0,212,0.0,0.0,0.0,53,0.0,0,0.0,5.0,5.0,5.0,5.0,5.0,5.0,5.0,,2.0,2.0,0.0,0,1.0
20250600000000.0,51050977,2.0,15.0,,42.6572643,-73.7769051,2.0,1.0,2.0,2.0,1.0,365,1.0,7.0,365,365,7.0,365.0,,0,1,1,251,0.0,0.0,0.0,93,0.0,0,0.0,5.0,5.0,5.0,5.0,5.0,5.0,5.0,,1.0,1.0,0.0,0,1.0
20250600000000.0,418024477,1.0,5.0,,42.64619243,-73.75658878,4.0,1.0,2.0,2.0,1.0,7,1.0,1.0,7,7,1.0,7.0,,21,43,73,159,0.0,0.0,0.0,159,0.0,0,0.0,5.0,5.0,5.0,5.0,5.0,5.0,5.0,,1.0,1.0,0.0,0,1.0
20250600000000.0,531209536,2.0,2.0,,42.65792079,-73.75026566,2.0,1.0,1.0,1.0,1.0,365,1.0,2.0,365,365,1.3,365.0,,0,0,0,274,0.0,0.0,0.0,115,0.0,0,0.0,5.0,5.0,5.0,5.0,5.0,5.0,5.0,,2.0,2.0,0.0,0,1.0
20250600000000.0,466790114,10.0,14.0,,42.68224687,-73.7833839,4.0,1.0,1.0,2.0,1.0,365,1.0,1.0,365,365,1.0,365.0,,30,60,90,365,1.0,1.0,1.0,206,0.0,6,342.0,5.0,5.0,5.0,5.0,5.0,5.0,5.0,,9.0,8.0,1.0,0,1.0
20250600000000.0,466790114,10.0,14.0,,42.68052557,-73.78524616,2.0,1.0,1.0,1.0,1.0,365,1.0,1.0,365,365,1.0,365.0,,30,60,90,365,0.0,0.0,0.0,206,0.0,0,0.0,4.9,4.9,4.9,5.0,5.0,4.8,4.9,,9.0,8.0,1.0,0,1.2
